/*
Navicat MySQL Data Transfer

Source Server         : localhost
Source Server Version : 50154
Source Host           : localhost:3306
Source Database       : bbs

Target Server Type    : MYSQL
Target Server Version : 50154
File Encoding         : 65001

Date: 2016-11-05 17:16:43
*/

SET FOREIGN_KEY_CHECKS=0;

-- ----------------------------
-- Table structure for module
-- ----------------------------
DROP TABLE IF EXISTS `module`;
CREATE TABLE `module` (
  `id` int(11) NOT NULL AUTO_INCREMENT,
  `name` varchar(20) DEFAULT NULL,
  `detail` varchar(100) DEFAULT NULL,
  `turn` tinyint(2) DEFAULT NULL,
  PRIMARY KEY (`id`)
) ENGINE=InnoDB AUTO_INCREMENT=8 DEFAULT CHARSET=utf8;

-- ----------------------------
-- Records of module
-- ----------------------------
INSERT INTO `module` VALUES ('1', '真实的故事 ⊙ω⊙', null, '1');
INSERT INTO `module` VALUES ('2', '屌丝的逆袭 （┬＿┬）', null, '2');
INSERT INTO `module` VALUES ('3', '屌丝的梦想 ⊙▽⊙', null, '3');
INSERT INTO `module` VALUES ('4', '呵呵 <(￣︶￣)>', null, '4');
INSERT INTO `module` VALUES ('5', '各种资讯 (^O^)', null, '5');
INSERT INTO `module` VALUES ('6', '娱乐时刻 ( ^３^ )~~', null, '6');
INSERT INTO `module` VALUES ('7', '那些年看过的电影 ●ω●', null, '7');

-- ----------------------------
-- Table structure for post
-- ----------------------------
DROP TABLE IF EXISTS `post`;
CREATE TABLE `post` (
  `id` int(11) NOT NULL AUTO_INCREMENT,
  `topicID` int(11) NOT NULL,
  `userID` int(11) NOT NULL DEFAULT '0',
  `content` text NOT NULL,
  `createTime` timestamp NULL DEFAULT CURRENT_TIMESTAMP,
  `hasReply` bit(1) NOT NULL DEFAULT b'0',
  `updateTime` timestamp NULL DEFAULT NULL,
  `accept` bit(1) NOT NULL DEFAULT b'0',
  `zan` int(11) NOT NULL DEFAULT '0',
  PRIMARY KEY (`id`),
  KEY `topicID_P` (`topicID`),
  KEY `userID_P` (`userID`),
  CONSTRAINT `topicID_P` FOREIGN KEY (`topicID`) REFERENCES `topic` (`id`) ON DELETE CASCADE ON UPDATE CASCADE,
  CONSTRAINT `userID_P` FOREIGN KEY (`userID`) REFERENCES `user` (`id`) ON DELETE CASCADE ON UPDATE CASCADE
) ENGINE=InnoDB AUTO_INCREMENT=198 DEFAULT CHARSET=utf8;

-- ----------------------------
-- Records of post
-- ----------------------------
INSERT INTO `post` VALUES ('1', '1', '1', '<p>开发一个小站点一直是我的梦想，不圆梦，不幸福。<img src=\"http://img.baidu.com/hi/jx2/j_0060.gif\" data_ue_src=\"http://img.baidu.com/hi/jx2/j_0060.gif\"></p><p>捣鼓这个BBS已经有几周了，辞职后更是全力投入到开发工作中。我得承认，每天从早坐到晚确实是相当累，比上班累多了。<img src=\"http://img.baidu.com/hi/jx2/j_0068.gif\" data_ue_src=\"http://img.baidu.com/hi/jx2/j_0068.gif\"></p><p>这段时间是刻苦铭心的，本来是打算自己做饭的，但是合租的一对大哥大嫂特别热情，让我和他们一起吃，最终，我不淡定的接受了他们的无条件包养。本性难移，脸皮太薄，我只好帮他们买菜，弥补我的亏欠。</p><p>当我坐的蛋疼和腰酸背痛的发表这个帖子的时候，第一个版本终于出现在大家眼前，她的功能还很薄弱，有很多地方有待改进。</p><p>希望她能提供给java web新人一点帮助。</p><p>代码完全开源，地址在：<a href=\"https://github.com/iveryang/jfinal-bbs\" target=\"_self\" title=\"\" data_ue_src=\"https://github.com/iveryang/jfinal-bbs\">https://github.com/iveryang/jfinal-bbs</a>，欢迎下载提供意见和反馈。</p><p>特别鸣谢：</p><p><a href=\"http://www.oschina.net/p/jfinal\" target=\"_blank\" title=\"\" data_ue_src=\"http://www.oschina.net/p/jfinal\">JFinal</a>，<a href=\"http://www.oschina.net/p/beetl\" target=\"_blank\" title=\"\" data_ue_src=\"http://www.oschina.net/p/beetl\">Beetl</a>，<a href=\"http://www.oschina.net/\" target=\"_blank\" title=\"\" data_ue_src=\"http://www.oschina.net/\">OSC</a>，<a href=\"http://my.oschina.net/MikeLiuzheqiang\" target=\"_blank\" title=\"\" data_ue_src=\"http://my.oschina.net/MikeLiuzheqiang\">Mike_Liu</a></p><p><img src=\"http://img.baidu.com/hi/jx2/j_0002.gif\" data_ue_src=\"http://img.baidu.com/hi/jx2/j_0002.gif\"></p>', '2013-05-09 11:49:35', '', null, '\0', '1');
INSERT INTO `post` VALUES ('2', '1', '1', '<p>为什么你还不注册成为本站的会员，和众屌丝一起摇滚起来？<img src=\"http://img.baidu.com/hi/jx2/j_0020.gif\" data_ue_src=\"http://img.baidu.com/hi/jx2/j_0020.gif\"></p><p>只要几秒钟哦<img src=\"http://img.baidu.com/hi/jx2/j_0058.gif\" data_ue_src=\"http://img.baidu.com/hi/jx2/j_0058.gif\"></p><p>你懂得</p><p><br></p>', '2013-05-09 12:51:20', '', null, '\0', '1');
INSERT INTO `post` VALUES ('3', '2', '1', '<p>一、 穷 </p><p>我想这已经是共识，没钱？那就别想谈女朋友了，别再幻想着什么纯洁无暇爱情了，都是扯淡。当你憋着小嘴愤愤不平的拿这个诅咒分手女友的无情的时候，那只能说明你无能懒惰加上小人，离开你是明智选择。给你个富婆说不定你绝情的嘴脸比谁都更丑陋。所以，男人，想讨老婆就赚钱吧，不管你混 黑 社会杀人放火贩毒走私只要你能弄到票子女人就多得让你眼花了。</p>', '2013-05-09 21:51:52', '\0', null, '\0', '1');
INSERT INTO `post` VALUES ('4', '2', '1', '<p>二、 丑 </p><p>经典语句，长得丑不是你的错，出来吓人就是你不对了，如果你敢说一句外表不是主要的，心灵美才是重要的，打住，那我就给你一头猪一样的恐龙做老婆我看你什么反映，己所不欲勿施与人，当你做着癞蛤蟆想吃天鹅肉的美梦时，女孩还在走着灰姑娘的神呢。</p>', '2013-05-09 13:52:51', '\0', null, '\0', '1');
INSERT INTO `post` VALUES ('5', '2', '1', '<p>三、 薄 </p><p>这个薄是脸皮薄的意思，如果你文质彬彬，甚至会害羞，傻傻的，你如果不是内心真有点城府的话，那看来你跟异性也是绝缘了，别想着八十年代电影里女孩说傻的可爱了，时代不同了，并且进步太快了。如果你能达到不要脸的流氓地步，也是泡妞的最高境界了。</p>', '2013-05-09 13:53:55', '\0', null, '\0', '1');
INSERT INTO `post` VALUES ('6', '2', '1', '<p>四、 专 </p><p>这里指的是在一棵树上吊死，如果你是个痴情专一的汉字，对一个MM渴望用坚持和痴情来感动，我想你离沉重打击不远了，现在的MM才不喜欢你用情专一呢，如果你能到处沾花惹草正说明你的本事，MM虽然会幽怨，其实底子里才更看得起你呢。保证你召之即来，挥之即去。</p>', '2013-05-09 13:54:26', '\0', null, '\0', '1');
INSERT INTO `post` VALUES ('7', '2', '1', '<p>五、 笨 </p><p>这里的笨是指嘴笨，不需要你多厉害的口才，但是甜言蜜语是要会说的，哪怕你心里想着另一个MM，口里把对这个MM的感情换个名字说给那个听也行，爱的肉麻。</p>', '2013-05-09 13:54:57', '\0', null, '\0', '1');
INSERT INTO `post` VALUES ('8', '2', '1', '<p>六、 真 </p><p>其实和五差不多，就是太真诚了，MM是要来骗和哄的，你傻傻的都说实话掏老底，嘿嘿，那你也等着MM和你拜拜吧。</p>', '2013-05-09 14:28:59', '', null, '\0', '1');
INSERT INTO `post` VALUES ('9', '2', '1', '<p>七、 小 </p><p>此小非那个。。。小，嘿嘿，是胆小，好像和三类似，但也不是，只要有机会，能拉手早拉手，拉了手了要赶快亲，亲完了赶快找地上床，不要觉得太快了，现在是个效率的社会，你不快有人比你快，也别担心MM会觉得你轻浮，她比你还急呢。不信?等上了床你就知道了。</p>', '2013-05-09 14:29:18', '\0', null, '\0', '1');
INSERT INTO `post` VALUES ('10', '2', '1', '<p><span style=\"font-family: 微软雅黑; font-size: 14.399999618530273px; line-height: 24px; background-color: rgb(15, 14, 13);\"></span></p><p>八、跑 </p><p>专指看贴不回贴就跑了的人,这类也是找不到女朋友的,自己掂量吧。。。</p>', '2013-05-09 14:29:45', '\0', null, '\0', '1');
INSERT INTO `post` VALUES ('11', '3', '1', '<p>本文转自创业邦，作者为@周鸿祎 周鸿祎表示，在中国大公司被崇拜，创业者被看作捣乱者、破坏者。并自称是互联网界犯错、挨骂最多的人，经历了很多失败，才有了一些真实感受，并在此文中分享给创业者。</p><p>我唯一能自吹的地方，就是本人在互联网里可能犯的错最多，挨的骂最多，然后也经历了很多失败，所以这样才有一些真实的感受。</p>', '2013-05-09 22:32:34', '', null, '\0', '1');
INSERT INTO `post` VALUES ('12', '4', '1', '<p>^O^</p><p><img src=\"http://img.baidu.com/hi/bobo/B_0002.gif\" data_ue_src=\"http://img.baidu.com/hi/bobo/B_0002.gif\"></p>', '2013-05-09 15:05:11', '', null, '\0', '1');
INSERT INTO `post` VALUES ('13', '3', '1', '<p><strong>AMD和ARM都在挑战英特尔，为何下场不同</strong></p><p>真正的颠覆不是敲锣打鼓到来的，而是以你我都意识不到的方式逐渐地渗透和改变。当你分析案例的时候，一定要回到历史的最前面，看它刚开始时的样子。每个产品刚开始时，只要一个点就足够了，就用这个点去打动用户。</p><p>举一个经典的例子。英特尔有两个对手，其中一个是AMD。AMD跟英特尔打了这么多年，为什么一直衰败？因为它完全按照英特尔的游戏规则在玩。英特尔的游戏规则是比谁的计算能力更强，比谁的核更多，带来的结果就是比谁的温度更高，比谁的主屏更大，所以AMD就这么被玩残了。但是另一家公司恰恰从产品体验和商业模式上颠覆了英特尔，这就是ARM。从产品体验上来说，它跟英特尔反着走，比的不是计算能力，而是便宜、低功耗。只要把这两点做到极致，英特尔就会非常痛苦。</p><p><br></p>', '2013-05-09 15:15:20', '\0', null, '\0', '1');
INSERT INTO `post` VALUES ('14', '3', '1', '<p><strong>大佬看不起你的产品？那么恭喜你!</strong></p><p>我最近经常讲上市的YY。其实YY最早的时候，或者360最早的时候，如果腾讯觉得这事儿不对，马上组织一票人也去做，那大家就真没机会了。之所以能够做起来，还是因为巨头给了你至少3年～4年的空白期。等你成气候了，巨头再来绞杀你，难度已经大了很多。</p><p>所以有时候我感慨，你做的事不被人看好有两种可能，一种是你真的做了一件特二的事，另一种是大家都看不懂，这说明你做的事有可能是件很牛的事。所以不要在刚开始就追求产品的完美，我们这个行业里有太多的产品做得不咸不淡，要追求在一个点上像尖刀一样能够解决用户的问题，让用户有特别强烈的感受。</p>', '2013-05-09 15:16:30', '\0', null, '\0', '1');
INSERT INTO `post` VALUES ('15', '3', '1', '<p><strong>别玩概念</strong></p><p>我特别不喜欢玩概念。虽然有时候在一些讲话中也不得不用，比如说O2O。行业里这种词儿太多了，但是这种词儿都是马后炮式的总结，用户永远不懂。</p><p>微信的张小龙跟我诉过一个苦。他说你知道我最大的对手是谁吗？根本不是米聊，米聊是小菜一碟，早就把他们消灭了。他说，我最大的对手是腾讯内部的手机QQ，我们就是为了争口气。实际上，手机QQ团队用的资源比他们多很多，但手机QQ团队犯的错误是他们是把PC端的QQ变成手机版，不断地在做很多小东西，但根本没有结合手机的特点，比如说传感器、定位，也没有从用户的角度去做。微信实际上是对短信和彩信，甚至是对传统的话音业务的颠覆，从体验到商业模式的颠覆。</p><p>微信最后能成功，不在于说它是一个IM，也不在于有什么概念，而是真的在一些点上抓到了用户的心。</p>', '2013-05-09 15:17:23', '', null, '\0', '1');
INSERT INTO `post` VALUES ('16', '3', '1', '<p><strong>把自己切换到“二傻子模式”</strong></p><p>你要像我一样，快速切换到小白模式，或者叫二傻子模式。我们公司的员工做出产品后高高兴兴来找我，会经常被我骂。他们都觉得很委屈，我说你不用委屈，你这个产品做得再难用，总归还是自家产品，作为理性CEO的周鸿祎能谅解，但作为小白用户的周鸿祎不能谅解。</p><p>腾讯的QQ是很成功的产品，可是你有没有用过最早版的OICQ？它的界面好吗?很土。所以很长时间里，用QQ的人都不好意思，都是屌丝用户，高富帅、白富美都是用MSN。但是QQ为什么有强大的生命力?还是那句话，界面不是最核心的东西，最核心的是它满足了用户找朋友、交流的需求。</p><p>中国崇尚成王败寇的文化，所以我们总是对大公司比较崇拜，看不上创业者。小公司挑战大公司，在美国被认为是非常正当的，但在中国往往被认为是Trouble Maker、搅局者、捣乱者、破坏之王。很多人以为我是故意要破坏谁，其实我认为，任何破坏商业模式、颠覆巨头的举动都有一个前提，就是你一定能给消费者创造价值。如果你不能给消费者创造价值，只是为了破坏而破坏，那么这种破坏不会产生任何杀伤力，也没有意义。</p>', '2013-05-09 15:18:08', '\0', null, '\0', '1');
INSERT INTO `post` VALUES ('17', '5', '4', '<p>^O^功能太简单，需要不断的升级和维护，你准备好了没？</p>', '2013-05-10 02:45:57', '\0', null, '\0', '1');
INSERT INTO `post` VALUES ('18', '5', '1', '<p><img src=\"http://img.baidu.com/hi/jx2/j_0017.gif\" data_ue_src=\"http://img.baidu.com/hi/jx2/j_0017.gif\">3Q，我会持续维护她的，程序员之于项目就像剑客之于绝世宝剑，乐师之于绝世谱曲一样。</p><p>多谢大家的支持哈：）</p>', '2013-05-10 02:49:32', '\0', null, '\0', '1');
INSERT INTO `post` VALUES ('19', '6', '6', '<p>^O^</p><p>很好的东西，界面漂亮</p>', '2013-05-10 03:02:36', '', null, '\0', '1');
INSERT INTO `post` VALUES ('20', '1', '6', '<p>^O^</p><p>支持，最喜欢这种小清新的风格。建议往知识沉淀方面发展，不要仿discuz，而是wecenter(http://www.wecenter.com/)这种</p>', '2013-05-10 03:05:48', '', null, '\0', '1');
INSERT INTO `post` VALUES ('21', '5', '6', '<p>^O^</p><p>给出该网站的定位，开发路线，这样大家能更方便的参与</p>', '2013-05-10 03:07:00', '\0', null, '\0', '1');
INSERT INTO `post` VALUES ('22', '5', '6', '<p>^O^</p><p>恩，开发路线不太准确，叫 roadMap吧</p>', '2013-05-10 03:07:39', '', null, '\0', '1');
INSERT INTO `post` VALUES ('23', '7', '7', '<p>^O^  要去坐飞机了~~~</p>', '2013-05-10 03:18:54', '', null, '\0', '1');
INSERT INTO `post` VALUES ('24', '7', '1', '<p>^O^</p><p><img src=\"http://img.baidu.com/hi/jx2/j_0002.gif\" data_ue_src=\"http://img.baidu.com/hi/jx2/j_0002.gif\">一路顺风，mike</p>', '2013-05-10 03:34:50', '', null, '\0', '1');
INSERT INTO `post` VALUES ('25', '8', '8', '<p>^O^</p><p>寒风呼啸时，煮酒论暗黑</p>', '2013-05-10 03:42:35', '', null, '\0', '1');
INSERT INTO `post` VALUES ('26', '8', '1', '<p>^O^</p><p>12哥，你来了！！！</p><p><img src=\"http://img.baidu.com/hi/jx2/j_0058.gif\" data_ue_src=\"http://img.baidu.com/hi/jx2/j_0058.gif\">一起逆袭</p><p><img src=\"http://img.baidu.com/hi/jx2/j_0058.gif\" data_ue_src=\"http://img.baidu.com/hi/jx2/j_0058.gif\">感激涕零，不知所言<img src=\"http://img.baidu.com/hi/jx2/j_0058.gif\" data_ue_src=\"http://img.baidu.com/hi/jx2/j_0058.gif\"></p>', '2013-05-10 03:44:44', '', null, '\0', '1');
INSERT INTO `post` VALUES ('27', '5', '10', '<p>不错哈 <img src=\"http://img.baidu.com/hi/jx2/j_0006.gif\" data_ue_src=\"http://img.baidu.com/hi/jx2/j_0006.gif\"></p>', '2013-05-10 03:54:32', '', null, '\0', '1');
INSERT INTO `post` VALUES ('39', '11', '1', '<p>^O^</p><p>我一直以为做人难，做个程序员更是难上加难，像是我，整天特么腰酸背痛的<img src=\"http://img.baidu.com/hi/jx2/j_0064.gif\" data_ue_src=\"http://img.baidu.com/hi/jx2/j_0064.gif\">。</p><p>其实家家有本难念的经，晚上和合租的大嫂吃饭的时候，她说自己例假来了，浑身痛，吃饭也没胃口。</p><p>她说起自己的各种痛苦经历，生小孩痛了2天在床上滚，我听了真是，不是个滋味，做个女人也不容易啊！</p><p>我果断的帮她洗碗了，让她快些休息去，否则看她这样真不是个办法。</p><p>其实我蹭饭有快一周了，鸭梨好大：（</p><p><img src=\"http://img.baidu.com/hi/jx2/j_0016.gif\" data_ue_src=\"http://img.baidu.com/hi/jx2/j_0016.gif\"></p>', '2013-05-10 11:38:38', '', null, '\0', '1');
INSERT INTO `post` VALUES ('40', '11', '1', '<p>^O^</p><p>测试一下~新浪图片插入：</p><p><img src=\"http://ww4.sinaimg.cn/mw690/8f75a2c0gw1dynxgebdnrj.jpg\" data_ue_src=\"http://ww4.sinaimg.cn/mw690/8f75a2c0gw1dynxgebdnrj.jpg\" width=\"670\" height=\"502\" title=\"我和基友的故事\"></p>', '2013-05-10 12:17:54', '', null, '\0', '1');
INSERT INTO `post` VALUES ('41', '11', '1', '<p><img src=\"http://ww2.sinaimg.cn/bmiddle/a20a9b80jw1e4jgbfvsv8j20i20e30v4.jpg\" data_ue_src=\"http://ww2.sinaimg.cn/bmiddle/a20a9b80jw1e4jgbfvsv8j20i20e30v4.jpg\" width=\"440\" height=\"343\"></p>', '2013-05-10 12:25:22', '\0', null, '\0', '1');
INSERT INTO `post` VALUES ('42', '2', '1', '<p>^O^</p><p>这特么我几乎全部中枪<img src=\"http://img.baidu.com/hi/jx2/j_0012.gif\" data_ue_src=\"http://img.baidu.com/hi/jx2/j_0012.gif\"></p>', '2013-05-11 00:14:58', '', null, '\0', '1');
INSERT INTO `post` VALUES ('45', '14', '1', '<p>一个人走在森林中，突然在一个树桩后面传来支吾的哭救声。</p><p>他靠过去，看见一个青蛙坐在泥里。</p><p>青蛙抬头看着他说，“我实际上是一个美丽的公主，如果你亲我一下，我就能变回我的真身，而且永远成为你的人。”</p><p>没有交谈，这个人把青蛙拿起来，继续走路。</p><p>几分钟后，青蛙开始喊叫，“嗨，兄弟，也许你没听见我说的——我是说，如果你亲我一下，我就能变成公主。这不是你梦寐以求的吗？”</p><p>被弄烦了，这个人把青蛙塞进了衣服口袋。</p><p>震惊，青蛙在这个人的口袋里哭喊，“怎么回事？我是个公主！你只需要亲我一下！”</p><p>口袋被打开，这个人往里面瞧，说，“听着——我是个程序员。我没有时间交女朋友。但一个会说话的青蛙却是个很酷的东西。”</p>', '2013-05-11 14:18:04', '', null, '\0', '1');
INSERT INTO `post` VALUES ('46', '14', '1', '<p>一个由10个程序员组成的小组被派去学习项目管理课程。老师进教室后提了一个问题：</p><p>“你在一个开发航空控制系统的软件公司工作。一天，你出差。当登机后，你看到一个铭牌上说这个飞机使用的飞行控制软件的是由你的团队开发的一个Beta版的。这个时候，你们谁想下飞机？”</p><p>9个程序员都举起了手。老师看着第十个程序员，问，“为什么你还愿意呆在机上？”</p><p>这第十个程序员说，“如果这个软件是我们团队开发的，飞机根本就飞不起来，更不会坠毁了。”</p><p>【转自：外刊IT评论】</p>', '2013-05-11 14:36:49', '', null, '\0', '1');
INSERT INTO `post` VALUES ('47', '15', '1', '<p><img src=\"http://ittopic.gotoip1.com/qee/wordpress/wp-content/uploads/2012/11/z6516435X-560x356.jpg\" data_ue_src=\"http://ittopic.gotoip1.com/qee/wordpress/wp-content/uploads/2012/11/z6516435X-560x356.jpg\" width=\"560\" height=\"356\"></p><p>PHP是你的豆蔻年华的心上人，她是情窦初开的你今年夏天傻乎乎的追求的目标。玩一玩可以，但千万不要投入过深，因为这个女孩有严重的问题。</p><p>Perl 是PHP的姐姐。她对你来说年龄稍微大了一点，但在90年代，她是相当受欢迎的。她和Larry Wall(译注：Perl语言创始人)长期保持着亲密关系，因此她的审美一落千丈，如今她看起来是丑陋不堪。“无论你们怎么评论，我仍然爱她！”，Larry Wall说。没有第二个人会像他这样。</p><p>Ruby是脚本家族中一个非常漂亮的孩子。第一眼看她，你的心魄就会被她的美丽摄走。她还很有有趣。起初她看起来有点慢，不怎么稳定，但近些年来她已经成熟了很多。</p><p>Python 是Ruby的一个更懂事的姐姐。她优雅，新潮，成熟。她也许太过优秀。很多小伙都会说“嘿，兄弟，你怎么可能不爱上Python呢！？”。没错，你喜欢Python。你把她当成了一个脾气和浪漫都退烧了的Ruby。</p><p>Java是一个事业成功的女人。很多在她手下干过的人都感觉她的能力跟她的地位并不般配，她更多的是通过技巧打动了中层管理人员。你也许会认为她是很有智慧的人，你愿意跟随她。但你要准备好在数年里不断的听到“你用错了接口，你遗漏了一个分号”这样的责备。</p><p>C++ 是Java的表姐。她在很多地方跟Java类似，不同的是她成长于一个天真的年代，不认为需要使用“保护措施”。当然，“保护措施”是指自动内存管理。你以为我指的是什么？ </p><p>C 是C++的妈妈。对一些头发花白的老程序员说起这个名称，会让他们眼睛一亮，产生无限回忆。</p><p>Objective C C语言家族的另外一个成员。她加入了一个奇怪的教会，不愿意和任何教会之外的人约会。</p><p>Haskell, Clojure, Scheme 以及她们的朋友们都是一些时髦的，附庸风雅的，很聪明的女孩，你也许在多年前和她们曾度过了一个很Happy的暑假。她们是第一次让你感到有压力的女孩。当然，你可能从来没有对她们很认真——尽管你总是在问自己“如果….会如何？”</p><p>也许你会拖延着不去认识C# ，因为她们家族不好的名声。但最近几年他们已经改邪归正了——他们会这样告诉你。一旦你加入我们，你就是我们的人了，你听到了没有？你需要一个数据库？她的哥哥MSSQL会罩着你。需要一个安身的地方？这有何难，她老爸甚至可以在Azure大道你给买一套公寓。什么？你觉得这样的关系过于亲密了？不，你别想离开我们。你已经是我们家族的一员了，现在，听见了没有？</p><p>Javascript —— 嗨，这不是你的初吻的那个女孩吗，她甚至比PHP更早进入你的视线。我不知道她现在在干什么。我听说她的事业近几年来非常成功。旧时的人也可以赶上潮流变得很酷….（你发现她从头到脚穿的都是设计师jQuery的作品）….哇，有人从丑小鸭变成了美丽的天鹅…</p><div>[英文原文：<a href=\"http://www.quora.com/Programming-Languages/In-laymans-terms-what-are-the-major-programming-languages-and-what-are-they-used-for\">what are the major programming languages</a> ]</div><p>转自：外刊IT评论</p>', '2013-05-11 14:44:56', '\0', null, '\0', '1');
INSERT INTO `post` VALUES ('48', '16', '1', '<p><img src=\"http://ittopic.gotoip1.com/qee/wordpress/wp-content/uploads/2012/05/111-620x350.jpg\" data_ue_src=\"http://ittopic.gotoip1.com/qee/wordpress/wp-content/uploads/2012/05/111-620x350.jpg\" width=\"620\" height=\"350\"></p><p>这个网站相当简单，所有你需要做的就是完成X，Y，Z。你看起来应该是技术很好，所以，我相信，你不需要花费太多时间就能把它搭建起来。”</p><p>我时不时的就会收到这样的Email。写这些邮件的人几乎都是跟技术不沾边的人，或正在研究他们的第一个产品。起初，当听到人们这样的话，我总是十分的恼怒。他们在跟谁辩论软件开发所需要的时间？但后来我意识到，即使我自己对自己的项目预测要花去多少开发时间,我也是一筹莫展。如果连我自己都做不好，我何必对那些人恼怒呢？</p><p>真正让我郁闷的不是他们预估的错误。问题在于他们竟然认为自己可以做出正确的估计。作为开发人员，我们经常会发现，在软件开发的问题上，一个外行人会很自然的把复杂的事情估计的很简单。</p><p>这并不是为我们的愤怒找借口。但这引起了另外一个有趣的问题：为什么我们天生的预测复杂性的能力在遇到编程问题时会失灵？</p><p>为了回答这个问题，让我们来认识一下我们的大脑如何估计事情的。有些事情对于一些没有经验的人也很容易预估正确，但有些事情则不然。</p><p>我们来想想观看一个人弹吉他。即使你从来没有弹过吉他，在观看了一场弹奏《玛丽有只小羊羔(Mary had a Little Lamb)》的吉他表演后，你也能大概推测出这很简单，一个人不需要太高的技术就能演奏出来。同样，当观看了有人演奏D大调的《卡农(Pachabel’s Canon)》后，你也很容易推测出，这很复杂，需要很长时间的练习才能演奏的出来。</p><p>为什么我们能够很迅速准确的预估这两首曲子的复杂性呢？这是跟我们用来判断一个事情简单和还是复杂的方法有关的。我们的大脑有一些现成的模式来完成这些事情，首先一个就是根据速度。这种情况下，大脑会辨别每秒钟演奏的东西。根据每秒钟演奏了多少东西，我们很容易有一个直观的判断曲子的复杂度。因为用吉他演奏一首歌是一种物理过程，一种感官上的活动，我们的大脑很容易依此来推测速度，继而转换成复杂度。</p><p>我们还有另外一个天生的推测依据：体积。想想把一个帐篷和一栋公寓放在一起对比。即使一个人从来没有学过建筑学，他也能告诉你通常设计和建造一个帐篷会比设计和建造一栋公寓要简单。为什么？因为我们天生的会使用物理体积作为事物复杂性的一个指标。</p><p>当然。上面说的这两种逻辑分析并不是总是100%的有效。但大多数情况下，人们就是这样干，而且很成功。大多数情况中，我们在对物理过程评估时，我们的大脑会对物理事物进行有效的关联，不需要依赖之前的经验。</p><p>现在让我们来谈谈软件。当一个不懂技术的人试图对软件开发时间进行评估时，有两个很基本的直观指标在辅助他们：以体积为指标的复杂度和以速度为指标的复杂度。但他们没有意识到，软件跟他们想象的不一样。软件本质上不是有形物质。没有体积和速度。它的极小的组成部分可能会时不时的在电脑屏幕上闪现。正因为如此，当面对开发一个web应用时(或任何类型的软件)，我们的基本直观感觉失效了。</p><p>这第一点，速度，很显然根本不可能被外行人拿来对软件进行评估。于是很自然的，他们倾向于使用体积指标进行评估。要么是根据描述文档的页数，要么是根据软件的功能用例数或特征数。</p><p>有时候，这种评估手段确实有效！当面对一个静态网站，没有特别的设计要求，外行人很容易用这种方法估计出开发时间。但是，通常情况下，对于软件开发，体积并不能真实有效的反映复杂度。</p><p>不幸的是，对于软件的复杂度，唯一有效的推测方法是依据经验。而且还不是时时都好用。作为一个程序员，我知道，根据我之前开发过的相似的功能特征，我可以估计出现在的这些功能特征各自要多少开发时间。然后，我把总时间加起来，这就得到了完成整个项目需要的大致时间。然而，事实情况中，每个项目在开发过程中都遇到二、三个瓶颈。这些瓶颈会肆意的消耗程序员的大量时间，你在遇到它们之前根本不会有所预见。它们会拖住整个项目，致使工期延后数周甚至数月。</p><p>这些是没有经验的人在评估复杂度时不会理解的。他们不明白在其他事情上都很灵的方法，为什么放到软件开发上就不灵了。所以，下一次当你听到有人说“我想你几天时间就能把它开发出来”时，不管是谁说的，都不要懊恼。深呼吸一下，告诉他这篇文章的地址，自己该干什么还干什么。</p><div>[英文原文：<a href=\"http://danshipper.com/non-technical-people-cant-estimate-developmen\">I\'m Sure It Will Only Take You A Few Days To Code</a> ]</div><p>转自：外刊IT评论</p>', '2013-05-11 14:50:24', '\0', null, '\0', '1');
INSERT INTO `post` VALUES ('49', '17', '1', '<p>^O^</p><p>傍晚去公园散步，见到一个女生在哭，很难过的样子，我非常纠结的绕着公园里的湖走了一圈，纠结着要不要去安慰一下她，等我走完一圈打算去的时候，发现她已经走了<img alt=\"☺\" class=\"emoticon\" name=\"7010\" src=\"http://ctc.qzonestyle.gtimg.cn/qzone/em/e7010.gif?max_age=2592000\" style=\"font-family: 微软雅黑; margin: 0px; padding: 0px; border-width: 0px; border-style: none; vertical-align: -6px; line-height: 1.23em; color: rgb(68, 68, 68); font-size: 13.63636302947998px; white-space: normal; background-color: rgb(255, 255, 255); width: 24px; height: 24px;\"><br></p><p>很多时候就是这样，机会是转瞬即逝的。</p><p>特别是对于一个屌丝，机会本来就不多。</p><p><img src=\"http://img.baidu.com/hi/jx2/j_0012.gif\" data_ue_src=\"http://img.baidu.com/hi/jx2/j_0012.gif\"></p><p>腼腆害羞，太难了！</p>', '2013-05-12 12:59:18', '\0', null, '\0', '1');
INSERT INTO `post` VALUES ('50', '18', '1', '<p><img src=\"http://ww1.sinaimg.cn/bmiddle/7fd54a81jw1e4lufqkbb7j20cs7xpx6p.jpg\" data_ue_src=\"http://ww1.sinaimg.cn/bmiddle/7fd54a81jw1e4lufqkbb7j20cs7xpx6p.jpg\" width=\"440\" height=\"9837\"></p>', '2013-05-12 14:12:10', '\0', null, '\0', '1');
INSERT INTO `post` VALUES ('51', '19', '1', '<p>^O^</p><p><img src=\"http://ww3.sinaimg.cn/bmiddle/b5d50682tw1e4lo8gz9rjj20c83tftpm.jpg\" data_ue_src=\"http://ww3.sinaimg.cn/bmiddle/b5d50682tw1e4lo8gz9rjj20c83tftpm.jpg\" width=\"440\" height=\"4947\"></p>', '2013-05-12 14:22:28', '\0', null, '\0', '1');
INSERT INTO `post` VALUES ('52', '20', '1', '<p>^O^</p><p>这几天中国的互联网界处于极度的亢奋状态，不仅有行业盛会“全球移动互联网大会”的召开，而且互联网企业巨头间的资本联合波诡云谲。</p><p>4 月 29 日，新浪微博宣布阿里巴巴 5.86 亿美金收购新浪微博 18％的股权；5 月 7 日，百度宣布 3.7 亿美金收购 PPS，整合到旗下的爱奇艺；5 月 8 日，多方消息人士表示百度、腾讯、360 正在竞购搜狗；5 月 9 日，知情人士爆料阿里巴巴 1 亿美金以上收购高德地图 20％左右的股份，消息将不日公布。另外还有消息称阿里巴巴今年早些时候已经入股 UC。</p><p>从过往来看，中国互联网界还从来没有发生过如此频率和级别的并购事件。那为何突然会爆出如此多令人惊叹不已的消息呢？要看到这些事件背后有 3 个大的背景：移动互联网的崛起、阿里巴巴即将上市、视频和搜索正在打破旧有格局。</p><p>移动互联网的崛起产生了一批炙手可热的创业公司和新产品，如 UC、大众点评、新浪微博、高德地图、友盟等，这些应用和新产品虽然当前赚钱能力不足，但是都属于移动时代最可能的入口性应用，现在的烧钱可能等同于未来的摇钱树。加上创业公司在资本上的压力，因此这批掌握着千万以致上亿级别的用户的入口级应用自然是传统互联网巨头如百度、阿里、腾讯的争购对象。</p><p>这是一个最大的时代背景，在这个背景下，任何一个传统互联网巨头都不可能做睁眼瞎静静的坐等被颠覆，而是会采取一切方式 Copy 或者收购来储备自己的移动筹码以为未来的增长提供保证。在这个大的背景下，还有两个较小的背景，那就是阿里巴巴即将上市以及视频和搜索行业格局正在重新塑造。</p><p>去年和今年我们已经能够看到阿里巴巴为上市展开了一些舆论攻势，尤其是国外的福布斯、经济学杂志以及纽约时报等倍受尊敬的主流媒体，这些媒体都将阿里巴巴上市估值预期定为 1000 亿美元左右。有了媒体的吹捧，最终上市时还需要接受投资者的检阅，阿里巴巴非常清楚自己需要什么样的故事来说服投资人自己真的值 1000 亿美元，于是一系列的投资和并购包括新浪微博、UC、高德地图等就成了必须。这些并购到底能释放多少合集效益目前还不好说，但是阿里一个闭环 O2O 超大电子商务平台的故事能够讲通了。</p><p>而顺利入主微博、UC、高德地图等都不容易，因为背后曾面临着百度激烈的竞争。之前曾一度传 UC 和微博都已经和百度达成了投资协议，但最后仍然失手阿里。对于百度来说，丢失的不是简单的两个并购案子，而是社交搜索的概念和移动设备的入口。</p><p>第 3 个背景是视频和搜索行业正在重塑。视频行业重塑从优酷土豆合并以来就开始了，最让人意想不到的则是 360 介入搜索业务，而 360 又和温驯的搜狗以及腾讯搜搜完全不一样，360 是条鲇鱼，注定把水搅混。因此在这样的背景下，发生了百度增持爱奇艺并且收购 PPS 的故事，不过业内对 PPS 是否值的花 3.7 亿美元去收购有一定的质疑。优酷土豆合并、爱奇艺 PPS 结合，好像没有搜狐视频什么事，这对于爱好混娱乐圈的张朝阳来说肯定心有不悦。因此一出抛搜狗救视频的戏码开始上演了。目前，百度、腾讯、360 都在积极竞购搜狗，从竞争的角度来说，行业肯定最不希望看到百度成功购入搜狗，但是百度自身或许必须购入搜狗，因为搜狗如果被 360 或者腾讯并购对于百度来说都是在心脏地带插了一把尖刀。</p><p>我们看到，在这场合纵连横的大戏中，阿里巴巴可谓是最大的赢家。统一的大电商和本地生活 O2O 布局让人赞叹不已。腾讯手握微信门票则更多的是一个旁观者，百度屡次抓住机遇却因犹豫不决导致鹿失阿里。昨天的数据显示<a target=\"_blank\" data-no-turbolink=\"true\" href=\"http://money.163.com/13/0509/12/8UEBOFQG002540BQ.html\">阿里单季利润已达6.4亿美元</a>，成为了中国最赚钱的互联网公司，超过腾讯和百度。如果按照当前的增速来看的话，BAT 很快就可能变成 ATB。而百度如果在资本并购市场仍然如以往一样犹豫不决的话，或许真的会在移动互联网时代沦落为一个二流公司。</p><p>转自：36KR</p>', '2013-05-12 15:55:39', '\0', null, '\0', '1');
INSERT INTO `post` VALUES ('53', '21', '1', '<p>从 Pandora 的创始人 Tim Westergren 到维基百科的 Jimmy Wales， 我们以为这些成功故事的主角们应该是年纪轻轻时便已成竹在胸了，其实不然。下面的 8 位资深投资人和企业家分享了那些他们希望自己在年轻时就能领悟到的道理。<br></p>', '2013-05-12 15:58:05', '', null, '\0', '1');
INSERT INTO `post` VALUES ('54', '21', '1', '<p><strong>Tim Westergren：勇敢试验你的想法，避免事后因为没去尝试而后悔</strong><br></p><p></p><p>Pandora 的创始人和首席战略总监 Tim Westergren 说，如果他有个机会能为年轻的自己提供一下指导的话，他会告诉自己：跟着直觉和激情走，新想法出现时就勇敢地去试验。因为不敢尝试而后悔的感觉比失败的经验更加让人难以释怀。Westergren 本身就是少数的几个敢于跟随直觉行事的人，而他的回报是，打造了一家市值 25 亿的公司。“你要学会注意到大脑里不经意间浮现的念头，停下来，认真地思考一下。如果你的直觉告诉你这些想法非常有潜力，那就大胆地去尝试。大部分人都认为跟随着感觉去冒个险是并不值得，他们总喜欢循规蹈矩。但是机会是稍纵即逝的，没有什么比‘如果上天再给我一次机会…’更让人难以释怀了。”</p>', '2013-05-12 15:59:05', '\0', null, '\0', '1');
INSERT INTO `post` VALUES ('55', '21', '1', '<p><strong>Jimmy Wales：在年轻时应有计划地花钱，为日后追逐梦想打下良好金融基础</strong><br></p><p>维基百科创始人 Jimmy Wales 希望年轻人认真地对待自己的金钱，以便于以后追求自己的梦想时能有个金钱上的保障。“我觉得二十出头的年轻人们应该意识到现在的他们可以通过控制开销的方式为以后的财务自由做好准备。财务自由是追求梦想的重要保证。无论是一份心仪的工作还是自己创业，现在的开销减少一分，未来实现梦想的难度也就减少一分。关于这方面有不少经验之谈，我最深的体会就是只在最值得的地方花钱，比如教育，而不是花钱享乐。”</p>', '2013-05-12 16:00:55', '\0', null, '\0', '1');
INSERT INTO `post` VALUES ('56', '21', '1', '<p><strong>Bill Ready：与优秀的人为伍，大胆追求有改写游戏规则潜力的想法</strong><br></p><p></p><p>Bill Ready 是移动在线支付平台<a target=\"_blank\" data-no-turbolink=\"true\" href=\"http://www.braintreepayments.com/\">Braintree</a>的 CEO，他为过去的自己提出了两个建议：“有两件事情我希望 21 岁的我能够明白。1900 年代后期，19 岁的我在 Netzee 当工程师。就像现在那些聪明、年轻、抢手的工程师们，我觉得自己什么都懂，不在乎经验丰富的前辈们的建议。我给出的第一条建议就是，要融入优秀的人群里去并且重视他们的想法。我的第二条建议就是要大胆地追求革命性的想法，别被强大的竞争对手唬到。Braintree 就有很多强大的、优秀的对手，Braintree 和他们有着数十亿美元的市场差距，但是我们并不怕这些对手。”</p>', '2013-05-12 16:02:52', '\0', null, '\0', '1');
INSERT INTO `post` VALUES ('57', '21', '1', '<p><strong>Alexander Ljung：意识到简约的力量</strong><br></p><p></p><p>SoundCloud 的联合创始人和 CEO Alexander Ljung 则想和年轻的自己分享简约的力量：“这几年，T.S. Eliot 的那句‘If I had more time，I would have written a shorter letter （如果时间够用的话，我会把这封信写得更简短些）’一直在我做决定时出现在脑海里，尤其是当我领导团队、设计和开发产品时。对于二十来岁的我，我会给出的建议是多花时间和精力去为复杂的事物找到简单的解决方案以提供更好的使用体验。与其把一堆功能和设计塞入一个产品，不如去打造一个最好并且合适的体验。我会提醒自己从设计的角度去做决定，要求员工把繁杂的想法或知识分解成更容易消化、更容易表达的叙述。”</p>', '2013-05-12 16:03:37', '\0', null, '\0', '1');
INSERT INTO `post` VALUES ('58', '21', '1', '<p><strong>Philippe Courtot：做你喜欢做的事情</strong><br></p><p></p><p>企业云安全公司<a target=\"_blank\" data-no-turbolink=\"true\" href=\"http://www.qualys.com/\">Qulays</a>的 CEO 和董事长 Philippe Courtot 强调兴趣的重要性，因为追求你喜欢的事物意味着你会全身心投入到其中：“如果我能给年轻的自己一点建议，我会告诉自己放下不喜欢的工作，投入到令你开心的事情中去。这是达赖喇嘛大力提倡的一种处世哲学，看起来过于简单，但却能帮助你去除旁人想法的影响而专注于事业。如果我还能再给一个建议的话，我会告诉自己要勇于尝试，因为只有试过才知道什么才是你真心喜欢的。”</p>', '2013-05-12 16:04:35', '\0', null, '\0', '1');
INSERT INTO `post` VALUES ('59', '21', '1', '<p><strong>Bing Gordon：努力，努力，再努力</strong><br></p><p></p><p>KPCB 凯鹏华盈（<a target=\"_blank\" data-no-turbolink=\"true\" href=\"http://kpcb.com/\">Kleiner Perkins Caufiled Byers</a>）的合伙人 Bing Gordon 十分坦率地表示他希望年轻人能够卖力工作。一位资深的导师则会为你的努力提供方向，努力工作和一位良师是一个能够带你走向成功的组合。“我很后悔直到 28 岁才开始进入这个行业。在做了几十年高校招聘工作后，我意识那些迅速行动的人往往能得到更多的机会，他们从开头便占据了优势。这些人总是能提出关键问题并且总会冒出好点子。一位好莱坞制片人曾说‘尽全力去工作，然后更努力一点’。我会为自己寻找一名导师。缺乏远见和指导会导致你在各种决定和失误中迷失，从而浪费你几个月甚至是几年的时间。耶鲁的招生主任 Jeff Brenzel 有个说服导师的绝好方法：‘教授们都希望有几个得力助手；所以（为了成为他们的助手）就夹着一本他们的书并带着几个关于这么书的问题去找他们吧。’”</p>', '2013-05-12 16:05:31', '\0', null, '\0', '1');
INSERT INTO `post` VALUES ('60', '21', '1', '<p><strong>Paul Bennett：花时间去倾听</strong><br></p><p></p><p><a target=\"_blank\" data-no-turbolink=\"true\" href=\"http://www.ideo.com/\">IDEO</a>是一家极具创意的全球性设计咨询公司，他们的客户包括三星和通用。这家公司的首席创意总监 Paul Bennett 觉得年轻人应该学会关注别人的想法，而不是匆忙地提出没有新意的答复。“在我二十多岁那段时间里，我天真地以为这个世界对我的兴趣远大于我对这个世界的兴趣，所以我总是不停地重复一些老套的说法，着急于展示自己而忽略别人的看法。我想告诉自己，慢下来，要和别人沟通而不是争辩。学会花时间倾听和学习别人的想法是成长带给你最好的礼物。”</p><p><br><br></p>', '2013-05-12 16:06:30', '\0', null, '\0', '1');
INSERT INTO `post` VALUES ('61', '21', '1', '<p><strong>Scott Weiss：近距离接触行业中的领导者们</strong><br></p><p></p><p>Scott Weiss 是<a target=\"_blank\" data-no-turbolink=\"true\" href=\"http://www.36kr.com/p/148817.html\">Andreessen Horowitz</a>的合伙人，他重视在工作中学习并成长，并认为小公司更适合学习和成长：</p><p>“不管从事哪种职业，去观察你的行里最优秀的人才并走近他们。学会把目标定得高一点，学会坚持甚至固执。快乐来自于激情和向顶尖人才们学习。小公司比大公司更值得学习，所以大公司逊毙了。别吝啬你的时间和金钱 – 回报会来的很快。多花时间在你关心的人身上 – 这时候就别管工作了。停车场里小心开车。”</p>', '2013-05-12 16:07:15', '\0', null, '\0', '1');
INSERT INTO `post` VALUES ('64', '23', '1', '<p>^O^<img src=\"http://img.baidu.com/hi/jx2/j_0016.gif\" data_ue_src=\"http://img.baidu.com/hi/jx2/j_0016.gif\">看了不得不服</p><p><embed type=\"application/x-shockwave-flash\" class=\"edui-faked-video\" pluginspage=\"http://www.macromedia.com/go/getflashplayer\" src=\"http://you.video.sina.com.cn/api/sinawebApi/outplayrefer.php/vid=83521581_0/s.swf\" width=\"420\" height=\"280\" align=\"none\" wmode=\"transparent\" play=\"true\" loop=\"false\" menu=\"false\" allowscriptaccess=\"never\" allowfullscreen=\"true\"></p><p><br></p>', '2013-05-13 04:43:25', '', null, '\0', '1');
INSERT INTO `post` VALUES ('66', '23', '1', '<p>^O^</p><p>亲~</p><p>看过之后去买香蕉的，自觉的来这里报个名哈<img src=\"http://img.baidu.com/hi/jx2/j_0019.gif\" data_ue_src=\"http://img.baidu.com/hi/jx2/j_0019.gif\"></p>', '2013-05-13 10:52:21', '\0', null, '\0', '1');
INSERT INTO `post` VALUES ('68', '24', '1', '<p>转自：<a href=\"http://robbinfan.com/blog/16/career-path\" target=\"_blank\" title=\"\" data_ue_src=\"http://robbinfan.com/blog/16/career-path\">robbin的自言自语</a><br></p><p>去跨国公司工作可能是大部分人的梦想，特别是《杜拉拉升职记》的流行，更加说明了这个现象。不过作为一个曾经尝过螃蟹的人来说，跨国公司也并非十全十美，并不是每个人都适合去跨国公司，特别是有志于钻研技术的程序员，跨国公司未必是合适的选择。</p><p>很多人梦想去大公司，认为小公司缺点很多，典型的看法：</p><blockquote><p>小公司真他妈的操蛋<br>1 感觉干活就是在抢任务，无规划无文化 <br>2 由于小公司这个平台，竞争力不行，所以利润就来源于你对员工的剥削程度 <br>3 无任何安全感 <br>4 积累不了任何经验和资历 <br>还不如在大公司划水，所以在大公司划水的兄弟们，一路划好，千万不要轻易上创业公司的贼船！</p></blockquote><p>你可以去外企试试看，不过等你去了外企以后，也许你会发现，你还是怀念在小公司工作的日子，特别是对于喜欢钻研技术的人来说，去外企很可能不合适。毕竟外企的生存文化完全不一样，外企混得好，你必须懂潜规则，必须适应外企政治。小公司也不见得一昧得差，也要看运气，找到一个好老板对技术人员未尝不是很幸运的事情。</p><p>话说回来，利润微薄的小公司也不见得是老板无能老板非要剥削员工，你不明白在中国的经济环境下，创业公司面临的环境是九死一生的。小公司如果利润微薄的话，就等于是给员工打工，给国家创造就业机会而已。 你说的一些小公司的问题固然有，不过大公司也有大公司的问题，这个是中国经济环境和社会环境造成的，和公司规模关系不大。</p><p>我自己的职业轨迹就是“小公司 -&gt; 外企 -&gt; 上市网络公司 -&gt; 独立咨询 -&gt; 创业”这条路发展过来的，到现在我最怀念的还是一开始那家小公司，十几个人，虽然管理混乱，老板能力不足，我什么事情都要负责，公司业务不好，但是我们同事之间的感情很好，就像一家人一样没有隔阂。</p><p>我当初也像你现在一样，这抱怨那抱怨，非要跳槽去外企不可，但后来真去了外企以后发现自己真不适合外企的文化，那里就是搞人和搞政治的地方，不适合在技术上有真才实学的人待。</p><p>我在外企干的时候性格并不张扬，但是感觉被束缚的很厉害，浑身有力无处使，把你按在一个框框里面，每天把屁大点的事情当圣旨来干，还得装出一副我干了多么伟大事业，做出多么伟大贡献，team多么支持我，同事多么融洽的嘴脸，然后天天写report和email装点自己的业绩。 外企说白了就是这么回事，你要真会来事，擅长写report，那你肯定如鱼得水，Boss赏识你，升迁机会多多。但是干久了你就只剩下干这些事情的能力了，你的技术完全废掉了。为什么外企的人待久了就不愿意出来了？因为他们已经废了，出来干不了技术这活了，只能吃外企这口饭了。我自己当初也是不想这辈子就这么废掉，而且我也不喜欢搞那些事情，所以就出来了。</p><p>外企出来的人都有个特点：屁大点事情当成圣旨一样的事情去干，干完以后写一堆report邀功。从积极的一面去看，这叫做职业素养好，有高度的敬业精神；从消极的一面看，这些人做不了实打实的技术骨干，在外企，难的技术活要么老外做了，要么外包出去做了。</p><p>小公司出来的人正好相反：往往有技术能力，可以担当大任，但是职业素养差，做事情细节做不好，脾气大，挑剔，难伺候。</p><p>这两种人要我来看，都不能用，嘿嘿，一个是没真正的能力，一个是没正确的做事情的态度。真正两者都具备的人，那才是真正的“人才”，这种人才那是可遇而不可求。</p><p>小公司里面只要你自己积极主动有责任心，公司能提供的所有机会都是你的，自己再勤奋好学一些，技术能力很快就锻炼出来了。我在第一家小公司的时候，从开始什么都不会到后来所有技术全部大拿，就是靠自己的勤奋，公司所有技术方面的事情，无论是网络，系统管理，数据库还是设计、架构和开发，样样都是靠我。我的能力就是在这段时间锻炼出来的。</p><p>后来去了外企对外企很失望又离开外企，心想只能去重视技术的IT类上市公司了，但去了以后被排挤的很厉害，我那个时候的技术能力已经出类拔萃了，我的Boss和Boss的Boss技术都被我甩开很远，有我在他们很不舒服，下面的员工都还很仰慕我，所以我只能走。</p><p>这样一来，我的就业选择就很少了，只能去当人家公司的CTO才行，但当时一直没有遇到合适的机会。因为做JavaEye的缘故在行业也比较有名气了，索性就自己做独立咨询顾问了，再后来成立公司创业，就死心塌地自己干了。</p><p>我一直很怀念当初在小公司工作的岁月，小公司的第一任务就是赚钱保证公司能发工资不死掉，所以什么管理，什么福利确实很难跟上，这些问题都是要吃饱肚子才可能去解决的问题。当时并不理解这些问题，但现在回过头去看，都明白了。所以对小公司这些方面的问题没有必要太挑剔，关键是看公司员工的氛围好不好，看工作机会多不多，是不是能够做自己感兴趣的事情，并且能有很多挑战性的问题等着你去解决。 其实一旦小公司跨越了收入艰难的阶段，特别是迅速成长期的小公司，对技术人员来说是梦寐以求的工作环境。不要忘记了，仅仅几年以前，百度，盛大，阿里和腾讯可还都是小公司。</p><p>推荐看看caoz写的文章：<a href=\"http://hi.baidu.com/caoz/blog/item/58ee08fab8597c9e59ee9015.html\">loser们的共同特征</a></p><p>caoz在之前的公司，经常给一些新员工作培训的时候，caoz的上司也在座的情况下，caoz会告诉新员工，你为谁打工？这是最重要的，而唯一正确的答案是，为自己。你不是为老板工作，不是为公司工作，也不是为你的上司工作，而是为你自己工作，那么这里正好有一个非常好的案例，就是百度离职副总裁俞军，俞军是为李彦宏工作吗？其实根本不是，李彦宏提供了一个很好的工作平台，俞军是为实现自己的理想，完成自己的志愿而工作，而这样的工作态度，工作方式，也使他能够真正有所成就。并不是每个人都明白这个道理，所以很少有人能成为俞军。 caoz经常讲，打工要有创业心态，为什么这么说，是不是打工者最后都要去创业，不是，但是你要想的是，公司提供了一个环境，一个可以让你实现理想的环境，有人说了，你所在的公司不能提供这样的环境，那就找一个那样的环境！有人说了，找不到这样的公司，其实不是没有，而是你忽视了，因为你在找工作的时候，优先排列的是工资，福利待遇，级别，工作地点，公司品牌等等，而没有任何自己梦想在里面，看看俞军当年的求职简历吧，一个成功者是怎么找工作的。</p><p><br></p>', '2013-05-14 11:42:43', '\0', null, '\0', '1');
INSERT INTO `post` VALUES ('69', '25', '1', '<p>转自：<a href=\"http://robbinfan.com/blog/17/worse-is-better\" target=\"_blank\" title=\"\" data_ue_src=\"http://robbinfan.com/blog/17/worse-is-better\">robbin的自言自语</a><br></p><p>Worse is better 是一个很典型的观点，这个世界上充斥着“Worse is better”的东西：VB绝对是个垃圾的语言，但是他战胜了Delphi；IE绝对是个垃圾的浏览器，但是他战胜了Netscape，现在也一直领先着Firefox；MySQL的数据库特性绝对不如PostgreSQL，但是市场占有率遥遥领先；MacOSX操作系统的优秀毋庸置疑，但是Windows是绝对的霸主。</p><p>然而这种观点的逻辑性却很诡吊，因为他的隐含意思大约是这样的：XXX就是再好，也不如YYY在市场占有率大/商业成功/影响力广，所以XXX就是worse的，YYY就是better的。换句话来说就是：成王败寇，成功了就是好东西，不成功了就是坏东西。</p><p>什么是“非工业主流”编程语言。</p><p>我不知道如何下一个严格的定义。简单地说，就是不被绝大多数程序员所使用的编程语言。</p><p>看看tiobe的语言排行榜，你可以了解我在讲什么。Java、C、VB、C++和PHP占据了70%的份额，它们是当之无愧的工业主流语言。而 Ruby尽管连连升级，排名13位，份额也不过是0.804%，Lisp/Scheme连连下挫，目前仅为0.586%，如果你仔细寻找，在The Next 50 Programming Languages的标题下，Erlang,Lua,Scala缩在角落里，这些“可怜”的语言当然是非主流的。自然，你不不太可能认为PL/SQL 、 Visual FoxPro、 VB.NET和Lisp、Ruby、Erlang、Lua是同类，我也这样想。</p><p>或许你和我曾经或正在感到非常振奋，那些你我日常的编程语言高居前列，并引以为豪。但是事情并不是完全象我们想像的一样。</p><p>编写程序需要乐趣，很难说工业主流语言能够提供你更多的乐趣。我所知道的很多程序员在白天忙乎完手上的Java,C++工作后，晚上会带着一种神秘的快感摸索一些可能自己一辈子也不会用于谋生的语言。</p><p>当然，这可能是厌倦造成的，但是当你发现一个苦思冥想、或者需要n多语言规则、框架、n多所谓的高深理论解决的问题，在另外一种语言中是最最简单的一个特性，恐怕这种懊恼的感觉不是可以轻易描述的。譬如，当你天天为C/C++的内存释放绞尽脑汁的时候，当你为垃圾收集在Java的出现而欢呼的时候，你是否知道30年前，那已经是Lisp的一个标准构造了。当你天天面对着无穷无尽的并发要求，纠缠不清的哲学家吃面头皮发麻的时候，你可能很想知道Erlang 20年前就让极大规模的并发和可靠性处理变成小事一桩。</p><p>编写程序还需要创造价值，一个非凡的产品在获得巨大利润的同时，更会带来一种心底而生的自豪感。如果要担心工作的问题，那么主流语言是你必不可少的谋生工具。但是如果你从头建立一个公司，希望用有限的资源和人力制造出强有力的产品，一个与众不同的产品，那么你需要秘密武器，这些武器是什么呢？当然可以有很多，但其中最有杀伤力的武器之一无疑是编程语言－－高生产力，适合某一领域的非工业主流语言。这种例子并不罕见，例如： </p><blockquote><p>Beating the Averages <br>Making Money from Erlang <br>google</p><p>也许，你喜爱的语言被成千上万的人使用并不是那么令人自豪的事情；自私一点地说，缺乏同伴或许能够带来更多的乐趣和财富</p></blockquote><p>我想表达的一种观点就是： 一个worse但是商业成功，被大多数人接受的东西并不必然成为适合你的东西：例如Mac确实不如PC普及，但是Mac适合我，我用起来很爽，工作效率很高；IE浏览器确实很普及，甚至很多网站专门为IE设计，但是我用chrome很爽，工作效率很高；php很普及，但是我用rails的开发效率非常惊人。</p><p>Erlang之父Joe Armstrong用Erlang这种非主流做产品开公司赚了千万身家，Rails之父DHH也用rails这种非主流做37signals赚了千万身家，现在开保时捷赛车做职业车手，就是potian本人，也用Erlang和Rails这两个非主流做视频监控软件，做出来一个纽交所上市公司。非主流究竟是让你不耻于使用的东西，还是能够给你带来成功的秘密武器呢？</p><p>小公司应该组建什么样的研发团队? 大规模普通水平普及型编程语言团队，还是高效率高生产力小规模团队？我认为目前小公司唯一的活路就是高效率的小规模团队，这样的团队才能充分发挥小公司灵活创新的特点，才有可能在某些方面战胜大公司，也才有可能在人才竞争方面胜出。</p><p>小公司如果想组建大规模普及型编程语言团队，往往是个看似容易，实则无法实现的泡影：一方面普及型编程语言招聘需求旺盛，跳槽频繁，你比大公司在人才方面的竞争力弱，不可能招聘到很多合适的人才；另一方面小公司上规模的研发团队，管理上的挑战非常大。我们都知道，研发团队每增加一个人，沟通成本都指数级上升，规模到了一定的阶段，就必须动用严格的KPI体系，而不是靠个人激励来管理研发人员，而一旦制度化管理研发团队，隐性的人力成本浪费就是惊人的。最终结果就是你的研发团队规模越大，整体生产效率越低，而整体生产效率越低，你就被迫越扩大研发团队的规模，最终陷入恶性循环。</p><p>JavaEye的实践可以证明，高效率小规模团队的生产力可以超过大规模普通研发团队。其实我也很想有大把的钞票，很好的公司品牌，牛人们纷至沓来的那种感觉，但是那都是幻觉。我们要以弱胜强，以少胜多，就必须选择自己build团队，自己培养人才，采用高效率的秘密武器。</p><p><br></p>', '2013-05-14 11:49:07', '\0', null, '\0', '1');
INSERT INTO `post` VALUES ('70', '26', '1', '<p>^O^</p><p>这个，我是真心过中枪：</p><p><img src=\"http://ww4.sinaimg.cn/bmiddle/7fd54a81jw1e4nvih1zi5j20cs0jeac1.jpg\" data_ue_src=\"http://ww4.sinaimg.cn/bmiddle/7fd54a81jw1e4nvih1zi5j20cs0jeac1.jpg\" width=\"440\" height=\"667\"></p>', '2013-05-14 14:49:22', '\0', null, '\0', '1');
INSERT INTO `post` VALUES ('71', '26', '1', '<p>^O^</p><p><img src=\"http://ww1.sinaimg.cn/bmiddle/7fd54a81jw1e4np9psbidj20c88s0qff.jpg\" data_ue_src=\"http://ww1.sinaimg.cn/bmiddle/7fd54a81jw1e4np9psbidj20c88s0qff.jpg\" width=\"440\" height=\"11376\"></p>', '2013-05-14 14:52:09', '\0', null, '\0', '1');
INSERT INTO `post` VALUES ('72', '26', '1', '<p>^O^</p><p><img src=\"http://ww4.sinaimg.cn/bmiddle/7fd54a81jw1e4mt08x0haj20c823k7cm.jpg\" data_ue_src=\"http://ww4.sinaimg.cn/bmiddle/7fd54a81jw1e4mt08x0haj20c823k7cm.jpg\" width=\"440\" height=\"2720\"></p>', '2013-05-14 14:53:52', '\0', null, '\0', '1');
INSERT INTO `post` VALUES ('73', '27', '1', '<p>^O^</p><p><img src=\"http://ww2.sinaimg.cn/bmiddle/b5d50682jw1e4ov8arc36j20cs0ryq5i.jpg\" data_ue_src=\"http://ww2.sinaimg.cn/bmiddle/b5d50682jw1e4ov8arc36j20cs0ryq5i.jpg\" width=\"440\" height=\"962\"></p>', '2013-05-15 04:39:43', '\0', null, '\0', '1');
INSERT INTO `post` VALUES ('74', '28', '1', '<p>昨天收到了心仪企业的口头offer, 回首当初什么都不会开始学编程, 到现在恰好五年. 整天在社区晃悠, 看了不少的总结, 在这个时间点, 我也写一份自己的总结吧.</p>我一直在社区分享, 所以, 这篇总结也是本着一种分享的态度, 希望相比我还年轻的同学们, 可以从中找到一些让自己成长更快的文字.', '2013-05-16 09:04:04', '', null, '\0', '1');
INSERT INTO `post` VALUES ('75', '28', '1', '<p>先介绍下背景:<br style=\"font-family: 微软雅黑; font-size: 14.399999618530273px; line-height: 26px; white-space: normal; background-color: rgb(255, 255, 255);\">1. 2008年3月开始学习编程, 目前2013年3月;<br style=\"font-family: 微软雅黑; font-size: 14.399999618530273px; line-height: 26px; white-space: normal; background-color: rgb(255, 255, 255);\">2. 2009年6月计算机专业本科毕业;<br style=\"font-family: 微软雅黑; font-size: 14.399999618530273px; line-height: 26px; white-space: normal; background-color: rgb(255, 255, 255);\">3. 大学期间, 基本稳拿班级倒数第一, 高考英语49分, 大学英语除了补考没及格过.<br></p>', '2013-05-16 09:04:37', '\0', null, '\0', '1');
INSERT INTO `post` VALUES ('76', '28', '1', '<p>接着, 是一份总结:<br style=\"font-family: 微软雅黑; font-size: 14.399999618530273px; line-height: 26px; white-space: normal; background-color: rgb(255, 255, 255);\">1. 5年间60%以上的时间, 每天凌晨2-4点睡觉;<br style=\"font-family: 微软雅黑; font-size: 14.399999618530273px; line-height: 26px; white-space: normal; background-color: rgb(255, 255, 255);\">2. 为学习编程花费的总时间超过6000小时;<br style=\"font-family: 微软雅黑; font-size: 14.399999618530273px; line-height: 26px; white-space: normal; background-color: rgb(255, 255, 255);\">3. 手写了超过50万行代码;<br style=\"font-family: 微软雅黑; font-size: 14.399999618530273px; line-height: 26px; white-space: normal; background-color: rgb(255, 255, 255);\">4. 记录了超过100万字学习笔记;<br style=\"font-family: 微软雅黑; font-size: 14.399999618530273px; line-height: 26px; white-space: normal; background-color: rgb(255, 255, 255);\">5. 录制了两份视频教程;<br style=\"font-family: 微软雅黑; font-size: 14.399999618530273px; line-height: 26px; white-space: normal; background-color: rgb(255, 255, 255);\">6. 翻译了小型技术文档5份以上, 5个php扩展的官方文档, jqueryui官方文档一份, 书籍&lt;php扩展和嵌入式&gt;<br style=\"font-family: 微软雅黑; font-size: 14.399999618530273px; line-height: 26px; white-space: normal; background-color: rgb(255, 255, 255);\">7. 供职过4家公司;<br style=\"font-family: 微软雅黑; font-size: 14.399999618530273px; line-height: 26px; white-space: normal; background-color: rgb(255, 255, 255);\">8. 获得两次优秀员工;<br></p>', '2013-05-16 09:04:58', '\0', null, '\0', '1');
INSERT INTO `post` VALUES ('77', '28', '1', '<p>面是这几年的流水, 本人没有过硬的文采, 只是以流水的方式记录, 希望可以激励到别人, 仅此而已:<br style=\"font-family: 微软雅黑; font-size: 14.399999618530273px; line-height: 26px; white-space: normal; background-color: rgb(255, 255, 255);\"></p><p>2008年03月 -- 2008年10月, 一个偶然的机会, 看到了北京尚学堂的java视频教程, 以此为起点, 我开始了自己的编程学习之路. 5月份汶川地震, 我在甘肃, 学校给通宵电, 在这段时间, 我就基本很少去学校上课了, 每天晚上学习到凌晨5-6点, 接着睡到10-11点, 每天两袋1.3元的方便面, 其余所有的时间都用来学习. 这段时间, 我学会了基本的程序设计, 更重要的是, 视频中, 马士兵老是给我灌输了影响我后来最重要的两个观念: 1) 不要怕英文, 出错信息, 文档, 都是学习英文的机会; 2) 不要怕出错, 出错就是学习的机会. 在后来的5年中, 我一直坚持, 我是从基本每个英文单词都要查翻译软件, 到现在能翻译一些东西的. 同样, 我在碰到问题的时候, 都是自己跟踪源代码去解决. 这两个观念直接决定了我今天可以进入自己心仪的企业.</p><p>2008年10月 -- 2009年1月, 这段时间, 宿舍搬到了校本部, 没有通宵电了. 学校一位老师找我们帮他做项目, 他为我们提供了他的宿舍, 很烂, 但我依然搬进去了, 就为了通宵电, 我住进了这个阴森森的宿舍, 恐惧缠绕着我, 但我依旧坚持. 白天帮老师做项目, 晚上继续自己的学习. 同样, 我也很感谢这位老师, 虽然他只给了我们很少的报酬, 但是, 我知道, 我得到的远远不是这些报酬可以比拟的. 这里这种很容易满足的心里也是很重要的, 我奉劝各位职场新人, 刚开始不要期望什么, 放低身段, 去做自己的积累就好了. (想起从社区里看到的一句话: 现在的你, 凭什么翘着二郎腿, 你应该放下你的腿, 身体前倾, 时刻保持战斗姿态)<br></p>', '2013-05-16 09:05:29', '\0', null, '\0', '1');
INSERT INTO `post` VALUES ('78', '28', '1', '<p>2009年02月, 一个小插曲, 我独自一人来到北京, 开始了第一次真正意义的独立, 我来找工作. 我开始在网上投了10多份简历, 没有回信. 接着我就急了, 直接从网上找招聘的公司, 查地图, 直接去公司面试, 一般都还是会给面试机会的. 最好的成绩是一家表示能给到3000左右, 但后来也没信了. 这段时间, 我有两个收获: 1) 我打印了一整本的&lt;Java数据结构与算法&gt;, 20天的时间, 把基础的数据结构与算法读了一遍; 2) 在一个完全陌生的城市, 我独自一人, 查招聘信息, 查地图, 找公司, 厚颜无耻的霸王面, 这一切都是对我处世能力的极大提升.</p><p><br></p><p>2009年03月 -- 2009年06月, 回到学校, 仍然没有工作. 我继续在老师的小黑屋, 实现了所有我找工作时学习的数据结构与算法. 接着, 就进入了毕业季, 每天都泡在酒精中, 浑浑噩噩. 这段时间, 老婆把工作签到了山东淄博, 我也联系了一家淄博的公司, 准备毕业后去面试. 这段时间, 和高中的毕业季一样, 是值得怀念的, 放松, 惬意.</p><p><br></p><p>2009年06月 -- 2010年03月, 我来到了淄博, 找到了之前联系的公司, 面试没有通过. 淄博是一个小城市, 做软件开发的没有几家, 还好, 山东人好, 虽然没有面试通过, 但我依然可以借宿在公司宿舍找工作, 就这样, 我放下了所有的尊严, 在别人的宿舍借住, 15天后, 我找到了我的第一家公司. 公司有30人左右, 做国家电网的项目, 老板人很好, 我还得到了一台笔记本电脑, 并且可以带回家. 我每天加班到9点, 然后回家继续学习大凌晨2点左右. 公司的工作相对轻松, 当然, 工资也很少, 只有1.5k. 老婆每周末都过来, 我们虽然没有钱, 经常要靠吃方便面度日, 但我们很幸福. 这段时间, 我学习了python, javascript, 翻译了jqueryui的文档, 录制了一套python的视频教程, 录制了一份fullcalendar的视频教程, 我的生活非常的充实, 当然, 我还有另一个收获: 我学会了吃苦. 冬天, 我住的小屋窗户基本起不到保暖作用, 买个小电暖也起不了多少作用, 屋里水龙头都已经结冰, 我很长时间每天需要吃两包方便面, 但我依然坚持学习, 因为我知道有一天我将不再这样.</p><p><br></p>', '2013-05-16 09:05:54', '\0', null, '\0', '1');
INSERT INTO `post` VALUES ('79', '28', '1', '<p>2010年03月 -- 2011年03月, 从后来很多次建议来看, 不得不说老婆很有眼光. 她建议我去北京找工作, 我请了3天假, 再一次来到了北京, 不同于上一次, 我现在有大半年经验, 我翻译过文档, 录制过视频教程, 有一定资本了. 然而, 事情并不是那么顺利, 当时期望的用友并没有通过, 在用友面试完后, 我就觉得自己一无是处. 无奈, 只能退而求其次, 来到一家刚创业的游戏公司. 跟这家公司谈完薪水后, 我先给妈妈打了电话, 5.5k, 已经到了妈妈不能相信的地步. 就这样, 我正式的踏入了北京的土地. 一年中, 我更多的是为公司付出, 自己以javascript研发进入, 后来页面制作也的我搞, php后来我也要做, 服务器我还要搞, 不得不说, 非常锻炼人. 还是前面的态度, 我觉得这种锻炼就是我最大的收获, 从这里开始, 我正式的转向php开发.到2011年3月的时候, 已经觉得公司很不行了, 又碰巧老婆怀孕, 不得不考虑结婚的事情, 因此, 我就辞职, 回家结婚.</p><p>2011年04月 -- 2012年03月, 婚后的生活很好, 我又找到了一份工作, 这家公司相对比较大, 2000+的规模. 不过有一些体制内的特质, 我进入的薪资是6k, 全年能拿到18薪以上, 公司的福利待遇都很完善, 工作也相对轻松, 我的领导人也很好, 技术也很好, 就这样, 在这家公司, 我又开始了自己的学习之路. 我继续每天凌晨2-3点睡觉, 完成了这几年最重要的积累: unix环境高级编程, unix网络编程, php内核和扩展, shell/awk/sed等等最基础的东西. 同样, 在大公司中, 我也学会了更多的团队协作, 同事关系方面的东西. 2012年03月, 公司一位副总跳槽, 就这样, 我们小组集体来到了下一家公司.</p>2012年03月 -- 2013年03月, 新的公司, 项目还没有上线, 已有的东西问题诸多, 我们被委以重任, 6.1日上线. 旧的团队存在诸多问题, 士气不振, 技术水平不足. 我们在6.1之前完成了很重要的几件事: 1) 提升团队士气; 2) 整理旧的框架不好的东西; 3) 修改大量的bug; 4) 规范工作流程; 5) 规划未来的技术框架. 虽然后来看做的东西一般, 但在这么短的时间完成这一切, 我觉得实在难得. 虽然我一直自我感觉对自己更多的提升是自己业余时间的学习, 但不可否认, 在这家公司的一年中, 我在团队建设, 团队管理, 团队协作方面也有了质的变化. 在这家公司, 我的薪资得到了很大的提升, 达到了18K, 这是我从来都没有想过的事情. 所以, 我想给诸位职场新人说, 你不要一开始就想要这要那, 只要你做的够好, 终有一天, 你会发现你得到的远比失去的要多.<br style=\"font-family: 微软雅黑; font-size: 14.399999618530273px; line-height: 26px; white-space: normal; background-color: rgb(255, 255, 255);\">后面这两家公司中, 我觉得更重要的是我学会了一种处世方式, 首先学会听别人说话, 然后自己做感悟, 做提升.', '2013-05-16 09:06:27', '\0', null, '\0', '1');
INSERT INTO `post` VALUES ('80', '28', '1', '<p>流水的结束, 就是在昨天, 我收到了自己心仪公司的口头offer, 并且也已经给现在的公司提出了离职. 和leader聊了一会儿, 大家都还挺开心.<br>在前5年中, 我用的网名是selfimpr, 是self-improvement简写而来, 含义是: 自强不息. 5年中, 我从所有可能激励我的地方去激励自己, 让自己可以一直坚持走到今天. 这几天, 我在考虑, 用一个词总结我的前5年. 我想, 这个词就是\"积累\".<br style=\"font-family: 微软雅黑; font-size: 14.399999618530273px; line-height: 26px; white-space: normal; background-color: rgb(255, 255, 255);\">这也正是我想给这个行业的后来者说的, \"积累\", 并且要是不计回报的积累, 因为你一旦太过计较回报, 你的心就很难平静, 往往就会半途而废.<br style=\"font-family: 微软雅黑; font-size: 14.399999618530273px; line-height: 26px; white-space: normal; background-color: rgb(255, 255, 255);\">此外, 还有一点要说的是, 比我基础更差的同学估计也很难找了, 所以, 能不能学有所成, 关键不在你是否有基础, 而在于你付出了多少.<br style=\"font-family: 微软雅黑; font-size: 14.399999618530273px; line-height: 26px; white-space: normal; background-color: rgb(255, 255, 255);\">接下来, 我已经更换了自己的网名goosman, 是从swan goose演化而来, 我不知道\"鸿鹄\"用英语怎么说, 就用了这个单词, 希望我可以像书中所说, 利用自己前5年的积累, 一展鸿鹄之志. <br></p>', '2013-05-16 09:06:53', '\0', null, '\0', '1');
INSERT INTO `post` VALUES ('81', '28', '1', '<p>^O^转自：http://blog.csdn.net/lgg201/article/details/8637763</p>', '2013-05-16 09:07:11', '\0', null, '\0', '1');
INSERT INTO `post` VALUES ('83', '29', '1', '<p>^O^</p><p>据市场分析机构<a target=\"_blank\" data-no-turbolink=\"true\" href=\"http://www.strategyanalytics.com/\">Strategy Analytics</a> 今天发布的数据显示，在 2013 年第一季度的全球智能手机市场，苹果三星双寡头几乎垄断了所有智能手机的利润，其中苹果占比 57.0%，三星占比 40.8%，两者合计占 97.8% 的份额。也就是说，两位寡头给全球其它所有的智能手机厂商留下了仅 2.2% 的利润。日子不好过啊。<br></p><p>更寡头的是，苹果拿下市场过半的利润，其出货量仅占 17%。另外，三星也不省油，其利润率占据 Android 设备的 94.7%。矮个里面充高个的是 LG，占 2.5%，剩余 2.7% 则被索尼、华为等上百家厂商来了个僧多粥少的瓜分。<br></p><p>不得不提的是诺基亚和黑莓。虽然两家公司都在遭遇逆境，并且都想咸鱼翻身，但从 Strategy Analytics 的数据来看，它俩目前连上榜的资格都没有，因为两者利润相加都不足 1%。</p><p>转自：36KR</p>', '2013-05-17 06:24:27', '', null, '\0', '1');
INSERT INTO `post` VALUES ('84', '30', '1', '<p>^O^</p><p>我用力分开她的双腿，她不停尖叫、双腿乱蹬，脸孔因反抗和哭叫而变得通红，但是我没有放慢动作：她是属于我的，本来就该听我的话。 我再一次试着捉住她，这一次我成功了，我的手紧紧地按上了她两腿之间的部位，或许是因为我太用力，她似乎停止了反抗，只是不停抽泣，而我也随之干完了该干的事儿……我阴沉的脸上划过一丝满足感。 ……总算给我女儿换好尿布了。</p>', '2013-05-17 13:13:23', '\0', null, '\0', '1');
INSERT INTO `post` VALUES ('85', '30', '1', '<p>^O^</p><p><span style=\"font-family: 微软雅黑; font-size: 14.399999618530273px; line-height: 24px;\">今天公司加班，做完工作实在无聊，同事飞奔而来说：“有一个坏消息和一个好消息要告诉你，先听哪个？”</span><br style=\"font-family: 微软雅黑; font-size: 14.399999618530273px; line-height: 24px; white-space: normal;\"><span style=\"font-family: 微软雅黑; font-size: 14.399999618530273px; line-height: 24px;\">“坏的。”</span><br style=\"font-family: 微软雅黑; font-size: 14.399999618530273px; line-height: 24px; white-space: normal;\"><span style=\"font-family: 微软雅黑; font-size: 14.399999618530273px; line-height: 24px;\">“坏消息就是没有那个好消息。”</span><br style=\"font-family: 微软雅黑; font-size: 14.399999618530273px; line-height: 24px; white-space: normal;\"><span style=\"font-family: 微软雅黑; font-size: 14.399999618530273px; line-height: 24px;\">“擦，那先听好消息。”</span><br style=\"font-family: 微软雅黑; font-size: 14.399999618530273px; line-height: 24px; white-space: normal;\"><span style=\"font-family: 微软雅黑; font-size: 14.399999618530273px; line-height: 24px;\">“好消息就是没有那个坏消息。”</span><br></p>', '2013-05-17 13:13:51', '\0', null, '\0', '1');
INSERT INTO `post` VALUES ('86', '30', '1', '<p>^O^</p><p><span style=\"font-family: 微软雅黑; font-size: 14.399999618530273px; line-height: 24px;\">开会的时候，我看到一旁的小马脸色有些不对，就凑到他耳边说道：“小马，你脸色怎么不大好？尽管你刚加入我们不久，但也是不可或缺的一员，以后我们要并肩作战的，所以有什么难处应该大家一起分担，不要什么东西都憋着。”</span><br style=\"font-family: 微软雅黑; font-size: 14.399999618530273px; line-height: 24px; white-space: normal;\"><span style=\"font-family: 微软雅黑; font-size: 14.399999618530273px; line-height: 24px;\">小马若有所思地点点头，然后放了一个巨响的屁。<img src=\"http://img.baidu.com/hi/jx2/j_0004.gif\" data_ue_src=\"http://img.baidu.com/hi/jx2/j_0004.gif\"></span><br></p>', '2013-05-17 13:14:30', '\0', null, '\0', '1');
INSERT INTO `post` VALUES ('87', '30', '1', '<p>^O^</p><p>办公室人心涣散，老板决定带大家到楼下花园转转。<br style=\"font-family: 微软雅黑; font-size: 14.399999618530273px; line-height: 24px; white-space: normal;\">“你们好好看看吧。”老板所指之处，一群蚂蚁正在忙碌地搬运食物，井然有序，配合默契，毫无怨言。<br style=\"font-family: 微软雅黑; font-size: 14.399999618530273px; line-height: 24px; white-space: normal;\">大家明白了老板的良苦用心，不禁都心生惭愧。<br style=\"font-family: 微软雅黑; font-size: 14.399999618530273px; line-height: 24px; white-space: normal;\">这时老板忽然一脚把那群蚂蚁都踩死了，“告诉你！我整你们就跟弄死一群蚂蚁一样容易！”老板吼道<img src=\"http://img.baidu.com/hi/jx2/j_0069.gif\" data_ue_src=\"http://img.baidu.com/hi/jx2/j_0069.gif\"><br></p>', '2013-05-17 13:15:18', '\0', null, '\0', '1');
INSERT INTO `post` VALUES ('88', '31', '1', '<p>^O^</p><p>关于吃。。。。</p><p>女神：哎呀，我吃得好饱啊，你看肚子都圆了。</p><p>高帅富：晚上我们做点让你肚子会更大的事情好不好？</p><p></p><p>女神：讨厌，你坏死了。</p><p>女神：哎呀，我吃得好饱啊，你看肚子都圆了。</p><p></p><p>男屌丝：不会啊，你的身材看上去还是很好啊。</p><p>女神：呵呵呵</p><p>女屌丝：哎呀，我吃得好饱啊，你看肚子都圆了。</p><p>高帅富：呵呵呵</p><p>女屌丝：高帅富对我笑了，好开心。</p><p>女屌丝：哎呀，我吃得好饱啊，你看肚子都圆了</p><p>男屌丝：猪一样了还吃那么多！</p><p>女屌丝：关你屁事！</p><p>关于穿。。。</p><p>女神：我这件衣服好看吗？</p><p>高帅富：很适合你的气质啊，刷卡买了，一会去楼上的Prada再给你配一条裙子。</p><p>女神：你真好。</p><p>女神：我这件衣服好看吗？</p><p>男屌丝：流口水。。。</p><p>女神：傻逼。</p><p>女屌丝：我这件衣服好看吗？</p><p>高帅富：呵呵呵</p><p>女屌丝：高帅富对我笑了，好开心。</p><p>女屌丝：我这件衣服好看吗？</p><p>男屌丝：有点小了吧，和你那件白色的有什么区别？</p><p>女屌丝：qnmlgb!</p><p>关于住。。。</p><p>女神：宿舍晚上烦死了，那几个女屌丝真吵</p><p>高帅富：搬出来好了，我给你在对面的小区租一套三居室好了。</p><p>女神：终于可以摆脱那几个女屌丝了，再一起住下去，也要张得和她们一样丑了。</p><p>女神：宿舍晚上烦死了，那几个女屌丝真吵。</p><p>男屌丝：哎呀，你不要这样啊，注意同学的关系团结，都是一个宿舍的，彼此大度一点，巴拉巴拉巴。</p><p>女神：你比她们还吵。</p><p>女屌丝：宿舍晚上烦死了，那几个女屌丝真吵。</p><p>高帅富：呵呵呵</p><p>女屌丝：高帅富对我笑了，好开心。</p><p>女屌丝：宿舍晚上烦死了，那几个女屌丝真吵。</p><p>男屌丝：还说别人是屌丝，你不也是一个女屌？</p><p>女屌丝：cnmlgb！你个负分男屌闭嘴！</p><p>关于行。。。</p><p>女神：高跟鞋走得脚好疼啊！</p><p>高帅富：早说了我开车来你不愿意，我背你吧。</p><p>女神，(*^__^*) 嘻嘻，</p><p>女神：高跟鞋走得脚好疼啊！</p><p>男屌丝：那我背你吧？</p><p>女神：不用了，我打车走。</p><p>女屌丝：高跟鞋走得脚好疼啊！</p><p>高帅富：呵呵呵</p><p>女屌丝：高帅富对我笑了，好开心。</p><p>女屌丝：高跟鞋走得脚好疼啊！</p><p>男屌丝：我擦，这鞋什么牌子的，这么结实!</p><p>女屌丝：wcnmlgb！</p><p>关于学习。。。</p><p>女神：这次英语没考好。</p><p>高帅富：假期咱去欧洲，在那玩一个月，不信英语还会不好。</p><p>女神：嗯。</p><p>女神：这次英语没考好。</p><p>男屌丝：英语学不好怎么行，英语可是很重要的，从今天起我们一起去图书馆复习。</p><p>女神：不用了，我自己在宿舍背单词就行。</p><p>女屌丝：这次英语没考好。</p><p>高帅富：呵呵呵</p><p>女屌丝：高帅富对我笑了，好开心。</p><p>女屌丝：这次英语没考好。</p><p>男屌丝：你要拿出吃和看帅哥的一半毅力你早就学好了。</p><p>女屌丝：cnmlgbd！你要拿出每天晚上对着女神照片撸管的一半毅力你早就毕业了！</p><p>关于工作。。。</p><p>女神：烦死了，工作真难找！</p><p>高帅富：那就别找了，去我家的公司好了，不想上班在家呆着，我养你。</p><p>女神：嘿嘿，好。</p><p>女神：烦死了，工作真难找！</p><p>男屌丝：坚持就是胜利，不要气馁。实在不行，我们可以创业啊！</p><p>女神：呵呵呵</p><p>女屌丝：烦死了，工作真难找！</p><p>高帅富：呵呵呵</p><p>女屌丝：高帅富对我笑了，我好开心。</p><p>女屌丝：烦死了，工作真难找！</p><p>男屌丝：你去整个容，工作就好找了。</p><p>女屌丝：整容容易，但这增高手术你想好怎么做了吗？</p><p></p><p>关于旅游。。。</p><p>女神：好闷，想出去玩。</p><p>高帅富：你想去非洲的草原上狩猎羚羊还是去俄罗斯的西伯利亚的冰湖上去钓鳟鱼？</p><p>女神：讨厌！去香港就好了！</p><p></p><p></p><p>女神：好闷，想出去玩。</p><p>男屌丝：我骑自行车带你去野花坡看看？要不去河边溜达下？</p><p>女神：算了，我还有论文要写，周末就不出去玩了。</p><p></p><p></p><p>女屌丝：好闷，想出去玩。</p><p>高帅富：呵呵呵</p><p>女屌丝：你想去哪里？我们一起啊？</p><p>高帅富：呵呵呵</p><p></p><p></p><p>女屌丝：好闷，想出去玩。</p><p>男屌丝：去坐公交，只要别下车能环绕城市好几圈！</p><p>女屌丝：你缺心眼啊，那还得两块钱呢！午饭煎饼果子能加根肉肠了！</p><p>男屌丝：我擦！你还坐空调车啊！有钱人！白富美啊！</p><p>女屌丝：空调车要多收一块钱呢？啊？</p><p></p><p>关于xxoo。。。</p><p></p><p>高帅富：舒服吗？</p><p>女神：啊哦啊哦啊啊啊哦哦……</p><p>高帅富：我要出来了。</p><p>女神：啊啊啊啊啊！受不了了！ 啊啊！ 别停啊！</p><p>高帅富：还要吗？</p><p>女神：老公你好棒！老公人家还要！</p><p></p><p></p><p>男屌丝：舒服吗？</p><p>女神：还行。</p><p>男屌丝：我要出来了。</p><p>女神：哦。</p><p>男屌丝：还要吗？</p><p>女神：再说吧。</p><p></p><p></p><p>女屌丝：啊哦啊哦啊哦啊哦，你好棒！</p><p>高帅富：呵呵呵</p><p>女屌丝：唉！你怎么射都不说一声，都射人家里面了！</p><p>高帅富：呵呵呵</p><p>。。。。</p><p>女屌丝：你这就走啊。。。唉，穿衣服比脱衣服还快！</p><p></p><p></p><p>女屌丝：你进来了吗？</p><p>男屌丝：我都进去两分钟了！</p><p>女屌丝：诶，你去哪里？</p><p>男屌丝：我已经完事了啊！</p><p>女屌丝：哦，是哦，三分钟了，我泡的方便面应该可以吃了。</p><p>男屌丝：来，分我一半。</p><p>女屌丝：你应该去吃伟哥，泡面又不治早泄，你个秒射男！</p><p>男屌丝：wcnmlgb！！！</p><p></p><p>关于怀孕。。。</p><p></p><p>女神：我这个月例假没来。</p><p>高帅富：我卡里只有不到一百万，明天去你家和咱爹咱妈提亲够了吗？</p><p>女神：我在乎的是你这个人，不是在乎你的钱！</p><p>高帅富：我知道，你对我来说是无价之宝，给多少钱都不换。</p><p>女神：恩，亲爱的，你真好。</p><p></p><p></p><p>女神：你有女朋友了吗？</p><p>男屌丝：没有啊，你知道的，我心里只有你。</p><p>女神：那好吧，现在起我答应做你女朋友了。</p><p>男屌丝：啊！真的吗！</p><p>女神：恩，真的。那你明天陪我去趟医院吧。</p><p>男屌丝：没问题啊，你想去哪都行！哪家医院啊？</p><p>女神：西城妇科女子医院。。。。</p><p></p><p></p><p>女屌丝：亲爱的，我这个月例假没来。</p><p>高帅富：呵呵呵</p><p>女屌丝：是真的，没和你开玩笑。</p><p>。。。</p><p>女屌丝：你给我这张银行卡干嘛？</p><p>高帅富：10w还不够？你想要多少？</p><p></p><p></p><p>女屌丝：哎，我和你说，这个月例假我可没来！</p><p>男屌丝：擦！不会又中了吧！</p><p>女屌丝：叫你买贵点的不干，一块钱五个的套子能有用吗！</p><p>男屌丝：你麻痹还说！要不是每天你非吃什么加两个蛋的煎饼果子！我们也能买得起第六感！</p><p>女屌丝：你不抽你那什么梅花，杜蕾斯我们也能买得起！</p><p>男屌丝：别废话了，上次借的钱还没换宿舍呢，只能等下个月家里打钱了！</p><p>女屌丝：要不找个私人诊所吧，便宜一点。。。</p>', '2013-05-19 04:17:44', '\0', null, '\0', '1');
INSERT INTO `post` VALUES ('89', '32', '1', '<p>成功有没有捷径？有，但仅属于爱思考、勤行动的人。</p><p>“@糯米酒先生”来自厦门，顾名思义是位酿造糯米酒的先生，其酒坊坐落在福建永定县下洋镇廖陂村东兴楼，特点是采用传统纯手工工艺酿造客家土楼糯米酒，而永定的客家土楼早已闻名遐迩，我们并不陌生。</p><p>很难想象这位来自客家土楼的先生，早在去年8月份就申请了微信公共账号，名称叫“客家土楼糯米酒”，在半年多的时间里，他边摸索边积累，获得了初步成功，来看看他的成绩单：</p><p>公共账号最新数据显示已有近22500名粉丝，每月有近5万的销售额，糯米酒定价60元/斤，多数客户一次性会购买5-10斤，因此每单价格在300-600元不等。</p><p>短短数月取得如此傲绩，他是怎么做到的？我们一起来揭开其中的秘密。</p><p></p><p>微博和微信的差异</p><p>微信更加精准，信息达到率更高，可以粗略的这么理解：微博就像是农村里的大喇叭，广而告之，但你不一定在家，更听不到，即使你在家也许正在专注看韩剧，信息很快石沉大海，因此宣传效果如同散弹打鸟，而微信更像是一对一的电话营销，效果类似“狙击”，信息可精准传达到个人。</p><p>正是基于这点，糯米酒先生从开始便放弃了微博阵地，而直接把战略放在了微信上，如果不经过认真的思考和对比，是不可能做到这个选择的，更何况去年八月时“公共账号”并没有现在这么火，所谓先下手为强。</p><p>微信的粉丝更忠诚，如果李开复在微博里公布自己的公共账号，凭借千万级别的粉丝量，会很快抓取数十万甚至上百万的粉丝，但这些粉丝需要完成“搬家”动作，愿意过去的一定是更加忠诚的粉丝或叫“铁粉”。对于大部分人来说，除非这个账号能提供不一样的价值（资讯），否则没人会擅自去关注一个公共账号。</p><p>公共账号是一个更精准、更认真、更专业的互动平台，但却缺少一个粉丝增长的内生机制，故获取粉丝的能力要比微博差很多。</p><p>之所以谈到以上几点差异，是因为这些差异会直接影响到你获取粉丝及沟通信息的方式。</p><p></p><p>如何获取第一批粉丝</p><p>我们都知道，第一批粉丝比较难以获得，有不少“微博达人”为了吸引关注，先给账号买几车皮“僵粉”做引子，有的僵粉率甚至高达90%以上，不明真相的过客便很容易被吸引过去“关注”，但这招在微信里却行不通。</p><p>前文中谈到微信缺少粉丝增长的内生机制，即我和你可以有效互通，但我和你的粉丝就很难发生关系，因此，微信粉丝的获取更多需要借助其他媒介或渠道。</p><p>如果你是微博里的大V，本身坐拥数十万甚至数百万的粉丝，只需在微博里公布自己账号便可，第一批粉丝会很容易获得，但多数人并没有如此高的影响力，更难以靠粉丝“搬家”获得增量。</p><p>糯米酒先生酿造的糯米酒定价是60元/斤，无论是品质还是价值，同市场上20-30元的米酒有很大差异，因此知道自己的客户是谁在哪里便非常重要。</p><p>为了锁定目标群体，并让他们成为粉丝，他是这么做的：</p><p>首先，他花了些时间调查厦门当地的高端厨房、橱柜企业及其店铺信息，最终锁定了10个大品牌和20个中端品牌。</p><p>之后，他精挑细选了些店铺，便和同事用了近半年的时间深入到每家门店现场互动“拉粉”。</p><p>我们都知道，闲逛高端厨房橱柜的人多数是有点经济实力的小夫妻，他们要么将要结婚要么准备换新房，尤其更重要的是这个场合更加适合搭讪，如果在超市里，人更多、环境更嘈杂，人们是没耐心停下来听你讲故事的。</p><p>接下来，他们根据自己的判断，一旦遇到合适的客户，便走过去主动搭讪，并递上印有二维码的名片，当场邀请客人关注，微信公共账号的私密性较强，一般不用担心泄露隐私的后顾之忧，因此多数人也便不会拒绝。</p><p>最后，糯米酒先生便施展攻心术，要求免费邮寄一瓶给客户试喝，因而同时获得了客户的第一手信息，他们会根据实际情况适度开展电话回访，进一步获得情感上的认可，最终取得客户信任。</p><p>从消费心理学上理解，只要他接受了你的试喝邀请，通常最终都会成为你的客户，只是时间问题。如此反复坚持，他们最终获得了400多位忠实客户，并在公共账号上建立了互动关系。</p><p>丁辰灵曾经讲到过一位南京商户利用微信卖板鸭的故事，刚开始其公共账户没有足够粉丝，为了吸引眼球提高关注度，他们采取的是美女策略，直接在陌陌等各类聊天工具上看哪个南京姑娘的粉丝数最多，然后把该姑娘挖过来工作，当群建到一定规模以后，就号召粉丝关注其公共账户，如此便完成了原始粉丝的积累。</p><p></p><p>如何达成粉丝的量变</p><p>第一批粉丝到手后，你的信心一定会大涨，剩下的工作是继续广而告之。</p><p>糯米酒先生从不放过任何一个曝光自己账号的机会，当客户来电咨询时，其会直接告知账号，邀请客户关注，当然还有“利诱”的引导，诸如折扣、抽奖或线下体验等。同时，所有产品的标签上都有二维码接口，一样是“利诱”客户关注。</p><p>我曾经收到过他的一张名片，上面醒目的印有二维码标识，一边交换名片一边邀请关注，充分利用每次机会。</p><p>当然，罗马建成也非一朝一夕，获取粉丝本质上也是一种有技术含量的曝光行为，充分利用好每次曝光机会定会有收获，只是执行中也要学会总结并不断完善。</p><p>还有更多曝光方式，比如DM单、展会等，更吃力点的是利用微信里的“附近的人”功能，筛选附近的目标群体，加他为好友，然后再邀请其关注公共账号。</p><p></p><p>如何营销自己</p><p>第一，线上内容。</p><p>糯米酒先生并不着急在微信里做硬推销，他说的很实在“没有必要刻意推销产品，更重要的是沟通交流”，因此除了常规的酒文化介绍、酿造工艺等，还针对性的介绍糯米酒的喝法、功效、保健知识等，客户也会直接咨询或提出各种问题，他们便组织专人一一解答。</p><p>但我觉得糯米酒先生在内容方面做的还不够，内容本身的所涉及的话题可以从酒延伸到生活、家庭等各方面，目前公共账号里仅有三个目录轮换播放，显然过于单调。另外，内容需要一定的互动性，尽量避免单向传播，多做双向互动，比如内容可以设计成题目问答或互动游戏，充分调动粉丝的参与热情，提高粉丝的黏性。</p><p>第二，线下活动。</p><p>他们会不定期组织线下体验活动，召集大家到客家土楼的酿造基地监督、考察，这也是调动粉丝参与的一种方式，试想，在一个天气晴朗的周末，小夫妻带着孩子去体验客家土楼文化，了解传统酿酒工艺，也是不错的亲子体验。在活动结束后，客户都或多或少买些产品带回家，真是一举两得。</p><p></p><p>公共账号还可以做什么</p><p>微信不仅仅是一个媒体平台，同时也是销售平台，或者是一个CRM客户关系管理平台，这里面有巨大想象空间。</p><p>最后讲一个杜蕾斯公共账号的案例，以启发想象：</p><p>杜蕾斯于去年10月份开通微信公共账号，如今订阅用户已在8万人以上，他们特别成立了一个8人组陪聊团队，直接与用户进行真实对话，美其名曰“谈性说爱”，谈话风格延续其一贯的无厘头式，除了陪聊外，他们还做了200多条标准化的信息回复，并根据当时的语义分析做针对性解答。</p><p>此事在业界流传，众多猎奇男女纷纷关注，杜蕾斯影响力再度扩散，销量大增。</p>', '2013-05-19 04:22:59', '\0', null, '\0', '1');
INSERT INTO `post` VALUES ('90', '33', '1', '<p>^O^</p><p>在烂片横行、俗套当道的现今华语影坛里，要舒坦地分享佳片心得，是可遇而不可求的。与其咬文嚼字，不如在回忆中找寻几抹无法消逝的美好影像。《国产零零漆》就是让我感到自由自在的佳作。</p><p>地址：<a href=\"http://www.iqiyi.com/dianying/20100331/n540.html\" target=\"_blank\" title=\"\" data_ue_src=\"http://www.iqiyi.com/dianying/20100331/n540.html\">http://www.iqiyi.com/dianying/20100331/n540.html</a></p>', '2013-05-19 08:10:44', '\0', null, '\0', '1');
INSERT INTO `post` VALUES ('91', '34', '1', '<p>^O^</p><p><embed type=\"application/x-shockwave-flash\" class=\"edui-faked-video\" pluginspage=\"http://www.macromedia.com/go/getflashplayer\" src=\"http://player.youku.com/player.php/sid/XODgwMTg2NDQ=\" width=\"420\" height=\"280\" align=\"none\" wmode=\"transparent\" play=\"true\" loop=\"false\" menu=\"false\" allowscriptaccess=\"never\" allowfullscreen=\"true\"></p><p><br></p>', '2013-05-19 08:19:44', '\0', null, '\0', '1');
INSERT INTO `post` VALUES ('92', '32', '10', '<p>^O^ 创业相关文章很喜欢 <img src=\"http://img.baidu.com/hi/jx2/j_0069.gif\" data_ue_src=\"http://img.baidu.com/hi/jx2/j_0069.gif\"></p>', '2013-05-20 14:38:10', '\0', null, '\0', '1');
INSERT INTO `post` VALUES ('94', '36', '1', '<p>10、快递行业，代表公司——申通快递<br></p><p></p><p>2013年1月16日，38岁货车司机张柱强猝死驾驶室。他是汇通快运外包的司机，专跑金华昆明线，4天要打一个来回。前一天下午3点刚回到金华，晚上睡驾驶座上，再也没醒过来。2011年12月13日在白云区太和镇的一间货场，申通快递公司的一名员工被发现在公司宿舍里猝死。有工友怀疑，年底网购大搞促销，申通公司快递订单激增，该工人可能是因为连续加班导致过劳……</p><p>“每天基本上从早上7点送到晚上9点，天天早出晚归，有时中饭都没时间吃。”这是一个真实快递从业者的抱怨。i黑马了解，上海一家大型民营快递公司专门负责宝山区的递送员为例，每天他都要开着车在所负责的区域内跑上100多公里，之前每天派送包裹400件左右——而这在快递员中只能算一般的工作量。而到了“双十一”这种电商的“传统节日”，他们的工作量还会加倍，“光棍节”一结束，位于分管区的10多家网店便进入发货高峰，加上买家购买的商品铺天盖地到来，快递员每天5点前就必须起床，6点赶到公司分拨点，如果一天包裹派送不完，还要自行延长到晚上送。而分拣中心的分拣员们也是疲惫不堪。“光棍节”后，很多工人都从下午3点一直干到第二天早上八九点，然后倒在椅子上睡一觉后继续干。</p><p>快递员月入能过万了，高于一般白领，但i黑马还真提醒普通白领们别羡慕，那都是用脚一个个快递送出来的“血汗钱”。</p><p>过劳指数：★★★★</p><p>健康损害：★★☆</p><p>事件影响力：★☆</p>', '2013-05-22 04:13:44', '\0', null, '\0', '1');
INSERT INTO `post` VALUES ('95', '36', '1', '<p>9、游戏行业，代表公司——金山公司<br></p><p></p><p>2011年底，久游市场总监刘俊因病去世；<a target=\"_blank\" href=\"http://topic.eastmoney.com/tpandian2012/\">2012年</a>9月4日，“金山游戏团队程序员猝死”的消息震惊了整个互联网，据了解，该员工为《西山居》游戏的运营部员工，年仅25岁，死亡时正是工作时间；2013年1月18日，巨人网络官方宣布其美术部员工蔡挺因病逝世，有媒体报道称其实是因为长期加班引发过劳致死……</p><p>在外界看起来赚钱很多，光鲜亮丽的游戏公司，其实也以高强度的工作和快速的工作节奏著称。据i黑马了解，因为激烈的竞争，游戏公司无论是改版，运营还是营销，都面临着巨大的压力，很多游戏公司都已经把加班当成了一种常态。</p><p>过劳指数：★★★</p><p>健康损害：★★☆</p><p>事件影响力：★★★</p>', '2013-05-22 04:14:17', '\0', null, '\0', '1');
INSERT INTO `post` VALUES ('96', '36', '1', '<p>8、互联网行业，代表公司——腾讯、网易等<br></p><p></p><p>2005年9月18日，网易代理CEO孙德棣去世，卒年38岁；2011年4月，腾讯微博和新浪微博竞争白热化，腾讯北京分公司银科大厦17层腾讯微博部门员工猝死……</p><p>中国互联网竞争之激烈，市场变化之快，都让所有的互联网公司上下拼命加班奔忙，生怕一不小心就被新的浪潮淹没。</p><p>前腾讯网科技中心总监、自媒体人程苓峰曾发过一条微博：晚上10点，上腾讯，下华为(如上图)。就连深圳的出租车司机都知道深夜去哪里拉客——守在腾讯大厦楼下等加班结束回家的腾讯员工。</p><p>过劳指数：★★★★</p><p>健康损害：★★☆</p><p>事件影响力：★★☆</p>', '2013-05-22 04:15:25', '\0', null, '\0', '1');
INSERT INTO `post` VALUES ('97', '36', '1', '<p>7、通信行业，代表公司——奉行床垫文化、奋斗精神的华为<br></p><p></p><p>2006年，华为员工胡新宇因过劳而死；2008年2月26日13:00左右，成都研究所员工李栋兵被发现坠楼，经120现场抢救无效死亡；2008年3月7日12时20分左右，华为公司深圳坂田研发基地科研中心F2餐厅内，正在吃午饭的男员工张立国突然起身跃下3楼栏杆，坠落1楼砸中餐椅身亡……</p><p>中国通信行业起步晚，市场变化很快，但现在华为已成为全球排名第一的通信设备提供商，靠的就是华为对技术的高度重视——在华为，43%的员工从事研发工作，而研发型工作是众人皆知的“加班最多工种”——以及华为提倡的奋斗精神和床垫文化。所谓“床垫文化”——几乎每个开发人员都有一张床垫。午休时，席地而卧；加班晚了不回家，与垫相伴。累了睡，醒了爬起来再干，一张床垫相当于半个家。</p><p>每次华为员工意外死亡都会引起社会对华为员工的工作环境和工作压力的关注。</p><p>过劳指数：★★★★</p><p>健康损害：★★★</p><p>事件影响力：★★☆</p>', '2013-05-22 04:16:06', '\0', null, '\0', '1');
INSERT INTO `post` VALUES ('98', '36', '1', '<p>6、<a target=\"_blank\" href=\"http://quote.eastmoney.com/SH510650.html\">金融行业</a>，代表公司——各大投行<br></p><p></p><p>2012年3个月之中有4名投行精英非正常死亡：5月初，<a target=\"_blank\" href=\"http://quote.eastmoney.com/SH600030.html\">中信证券</a>法律部王姓副总裁脑溢血猝死，年仅34岁；5月14日，湘财证券副总裁章彪因心脏病过世，享年44岁；5月底，东海证券资产管理部原总经理龚小祥因病去世，年仅39岁；8月7日上午，<a target=\"_blank\" href=\"http://topic.eastmoney.com/2013gxth/\">国信证券</a>保代郭熙敏心肌梗塞去世，年仅33岁。</p><p>很多人会艳羡投行工作动辄数十上百万元的收入，出入五星级酒店，熟不知“高薪”往往和“高压”、“焦虑”成正比。以投行最低层的分析师(Analyst)为例，通常需要从早上10点工作到晚上2点，周末加班2天。旺季时则工作通宵甚至很多个通宵，“早睡早起”对他们的意思就是清早回家打个盹儿，或者洗个澡换个衣服，然后不到中午再起身去公司干活。据说不少男性分析师累到每年只有个位数的性生活，做梦梦见最多回的不是美女，是Excel文件和PPT。即便在投行做到高管也还需要常出差，平均一周5天可能有3天到处飞来飞去；另外需要具备超强的社交能力，摆平客户关系。</p><p>过劳指数：★★★★</p><p>健康损害：★★☆</p><p>事件影响力：★★★☆</p>', '2013-05-22 04:16:40', '\0', null, '\0', '1');
INSERT INTO `post` VALUES ('99', '36', '1', '<p>5、创业行业，代表公司——中小企业创始人<br></p><p></p><p>创业家传媒是关注创业者成长和生存状况的第一平台，@创业家杂志微博曾在2011年10月18日-28日，十天内发布了3条创业者非正常死亡的噩耗。10月28日，移动互联网创业者，北京立购网副总裁乔安平酒后窒息猝死。10月27日，@创业家杂志微博转发暴雨娱乐董事长兼CEO朱威廉的微博：下午接到了一个做环保朋友的死讯。44岁，创业16载，未成，未婚。每天工作15小时，睡6小时，抽3包烟，吃1顿饭，开无数会。耗尽生命追寻创业理想，英年早逝梦断黄泉路上。一直嚷嚷着要改变人类的生活，未曾料到改变的是自己的生命。唉，一路走好，天堂里别创业了……</p><p>不要以为做个“高副帅”的老板那么容易。中小企业的创始人在中国生存是艰苦而复杂的，创业者要找钱、找人，要搞定内外关系，工作时间长、压力大，成为身体的高危人群之一。即便做大了还要处理各种关系，有不少人不堪压力选择了自尽的方式，让人扼腕。</p><p>过劳指数：★★★★</p><p>健康损害：★★★</p><p>事件影响力：★★★★</p>', '2013-05-22 04:17:25', '\0', null, '\0', '1');
INSERT INTO `post` VALUES ('100', '36', '1', '<p>4、电商行业，代表公司——淘宝店主<br></p><p></p><p>2011年6月，25岁淘宝卖家敏敏因疲劳过度而死；2012年5月，27岁淘宝店主苏苏因蛛网膜脑出血去世；2012年6月，25岁淘宝皇冠卖家小夏因疲劳过度而死；2012年7月，即将办婚礼的24岁淘宝杭州卖家离世；2012年10月，29岁淘宝店主许文俊因疲劳过度而死……</p><p>淘宝平台固然诞生了年收入过亿元的裂帛、韩都衣舍等品牌公司，但很多淘宝店主想靠做淘宝店养家糊口还是要做很大的投入，做推广、找货源、发快递……哪一个事情都不省心，再加上得不到流量支持，开店成本趋高，要冲出来谈何容易。</p><p>其实淘宝店主只是电商行业忙死人的缩影，君不见2012年“光棍节”促销，有多少老板在微博上嗮团队为备战光棍节通宵加班的照片。在电商行业混，如果年增长不超过200-300%你都不好意思说你是做电商的，京东这样几百亿元营收体量的公司尚且是这种速度，更何况一般的电商公司，高速的增长意味着超人的付出。</p><p>加班指数：★★★★</p><p>健康损害：★★★★</p><p>事件影响力：★★★★</p>', '2013-05-22 04:18:37', '\0', null, '\0', '1');
INSERT INTO `post` VALUES ('101', '36', '1', '<p>3、 媒体行业，代表公司——搜狐17173等网媒和各大电视台<br></p><p></p><p>5月15日上午9时许，福州一名24岁的IT男小张，下了公交车后，突然晕倒在站台旁，经医院抢救无效死亡，小张是搜狐旗下一家网络游戏门户17173的网编，经常加班。2010年5月，37岁的腾讯女性频道主编于石泓因脑溢血去世，逝世前石泓为某重点研发项目做准备，曾连续多日加班，有时甚至通宵加班。刚在微博上说完自己亚健康，一周后(2011年5月23日晚)郑州电视台政法频道记者刘建在家中因突发心肌梗塞而离世，那一年他只有28岁；2012年8月，浙江一名女主播郭梦秋因突发心肌梗死猝死，郭生前曾经常熬夜……</p><p>媒体行业薪水中等，但竞争激烈，为保饭碗媒体人精神时时紧绷；为抢新闻，有工作没生活或工作就是生活；媒体人有极大的话语权，但责任越大，压力越大……以上种种让媒体人早把“无冕之王”抛之脑后，称自己为 “新闻民工”。而在这其中尤以网络媒体和电视媒体工作强度和压力为大。i黑马作者身边就发生过网络媒体人猝死的案例。</p><p>过劳指数：★★★★</p><p>健康损害：★★★</p><p>事件影响力：★★★★★</p>', '2013-05-22 04:19:13', '\0', null, '\0', '1');
INSERT INTO `post` VALUES ('102', '36', '1', '<p>2、 创意公关行业，代表公司——奥美中国<br></p><p></p><p>5月13日，一条奥美传播24岁年轻员工猝死的消息一下子传遍网络，随后奥美官方微博证实了此事。据了解该员工属于奥美北京分公司，死前已经连续加班一个月。奥美是全球最大的广告传播集团，而创意广告是一个长期超负荷加班的行业，一个项目可能连续10天半个月地加班都很难忙完。在这看似光鲜艳的五百强白领身份之下，加上又是身在这样一个竞争激烈的五百强企业，加班难免已经常态化，每天深夜一两点回家都是再正常不过的事情了。生理上和心理上同时紧张，最终成为了压垮身体的最后一根稻草。</p><p>而在该员工去世前，其微博上还发了条微博：“世上最容易做的一件事就是失去联系。” 在这周日迎来他的25岁生日，多少亲朋在等待着为他庆祝。没想到一语成谶，竟成永别。</p><p>过劳指数：★★★★</p><p>健康损害：★★★☆</p><p>事件影响力：★★★★★</p>', '2013-05-22 04:19:57', '\0', null, '\0', '1');
INSERT INTO `post` VALUES ('103', '36', '1', '<p>1、加工制造业，代表公司——跳楼事件频发的富士康<br></p><p></p><p>创立于1974年富士康科技集团，是全球最大的高科技代工企业，苹果等公司都是其客户。自2010年1月23日富士康员工第一跳起至2010年11月5日，富士康已发生14起跳楼事件。这还不是全部，廊坊、昆山、成都等富士康分公司都发生过跳楼死亡事件，2013年4月，富士康郑州公司发生两人跳楼死亡事件。</p><p>有专家分析认为，2010年加工大军达到80万人的富士康，跳楼事件频发的原因是：富士康等级制度森严，员工，特别是一线技工长期处于一种高度紧张的高强度工作状态，还要忍受管理人员的辱骂甚至体罚，人几乎已经变成机器，自尊心几乎完全被忽视。</p><p>富士康是中国成为世界工厂的一个缩影，“无所不能”的中国工人为全球生产了物美价廉的商品，但也付出了巨大的健康乃至人命的代价。</p><p>过劳指数：★★★★</p><p>健康损害：★★★★</p><p>事件影响力：★★★★★</p>', '2013-05-22 04:20:40', '\0', null, '\0', '1');
INSERT INTO `post` VALUES ('104', '37', '1', '<p>越来越多人对各大互联网企业的<a href=\"http://www.paidai.com/labels/%E5%95%86%E4%B8%9A.html\" target=\"_blank\">商业</a><a href=\"http://www.paidai.com/labels/%E6%A1%88%E4%BE%8B.html\" target=\"_blank\">案例</a>感兴趣。每个成功的公司，都有它成功的原因，或者说模式。看 Google，是因为当时互联网信息爆发式的增长，需要强大的搜索；Amazon/eBay，因为线下太贵，网络上交易节省成本；Facebook，因为 建立人和人的关系；淘宝，因为建立信用体系。</p><p>其实我想说，这些观点都很扯！这些都是公司成功以后，砖家们总结出来的。公司建立之初，可能创始人压根就没这么想的。</p><p>再看看过去一段时间网络上讨论的商业案例。新浪微博盈利过早，产品体验不行；微信和<a href=\"http://www.paidai.com/labels/%E8%BF%90%E8%90%A5.html\" target=\"_blank\">运营</a>商的关系，盈利模式应该如何；优酷土豆合并之后通过增加广告时长多挣钱；hao123 首页又做了什么样的调整等等。但我们很少讨论线下案例，即使讨论线下案例，也大多是在谈管理方式，例如海底捞。</p><p>值得思考的是，在没有互联网之前，中国已经有几千年的文化，难道就没有值得互联网公司借鉴的？当然有，今天，我就带大家一起看看我身边这些土了吧唧、拿不出手的商业案例。或许您已经阳春白雪惯了，今天也换换口味，下里巴人一次！</p><p>我住在一个普通小区，小区门口是一些饭店，晚上还有几个烤串的路边摊。咱们就从这些讲起。</p><p>一、烤鱼店</p><p>去年某天，小区门口开了一家小烤鱼店，看起来不错。边上有家开了很久的大酒店，几乎是什么菜都能做，为了和烤鱼店竞争，还特别推出了吃一条烤鱼送一条鱼的活动。在回家的路上我问同事，如果你要吃烤鱼，你会选择哪家？他毫不犹豫地说要吃这家小烤鱼店。</p><p>我说，这家大酒店就相当于一个门户网站，什么都做，每样都也还勉强过得去，所以也还有一些人去。这个烤鱼店呢，就相当于一个垂直型的网站，专注一个方向，做到最精最强，不追求满足用户所有需求，只满足一个就行了！（单品牌运营和多品牌扩张的纠结？）</p><p>吃过几次之后，我发现这位老板真是个非常会做生意的人：</p><p>1、环境。</p>内部装修很清爽，还整洁干净，给人舒适的感觉。外墙改成玻璃的，大街上来往的人都能看到里面的火爆。（宣传、导流的直观，诉求简单，容易理解，明白，用户不需要动脑筋）<p>2、服务。</p>服务员非常有眼力见，看到有客人来，就过来开门，客人离开时，也会有人专门跑过去开门。免费的玉米花、柠檬水，味道都还不错，大家都知道，烤鱼一般等待的时间比较长，这样你可以耐心等待。点餐时，服务员不但不会给你瞎推荐，还会给你一些贴心的小建议。上汤时，给客人一碗一碗盛好。及时给客人更换餐盘。（差异化服务策略）<p>3、定价</p><p>平 时一直打 7.8 折，但是如果你自带酒水或者开发票，就要给全价；这个方式就有意思了，据我推测，这其实就是他们的一个定价策略。举个例子：成本 40 元，如果卖 50 元的话，就有 10 元的毛利，50 元除以 78% 就是菜谱上的价格了。也就是说，其实他们本身就是赚的，那些开发票的都是可以报销的，那这剩下的 22% 就白赚了；一方面还限制了客人自带酒水，提高自家店的资金周转率。其实整体算下来，在我看来还是很便宜、很亲民的，曾经四个人才花了 120 块钱，盘里还有剩余。</p><p>4、营销</p>刚开业几个月里，刷建行卡打6.8折，这活动吸引了很多人。节假日营销，比如冬至送饺子、中秋送月饼，还在大玻璃上写出来，来往的人都看得见，曝光量杠杠的。紧跟抗日，去年的全民抗日活动中，贴出红色横幅，那抗日决心，真是日月可见呐。（ifanr 编辑注：请提倡理性看待时事事件。）<p>5、产品</p><p>其实，这才是最重要的，如果产品不行，我上面说的这些都没意义。鱼的种类、做法齐全，味道不错，还不时有新的口味推出，大伙都还挺爱尝试的。</p><p>要 做好一件事情，并不是说把某一方面做好了就能成功，需要各方面的配合，产品(口味、定价)、运营(服务)、营销样样都不能缺，样样都要做好。这就像本人运 营的这个移动互联网（ID：sjydhlw）微信公众账号一样，要考虑到产品、运营、营销、推广、技术等各个方面，目前也吸引了几千人订阅，这算不算小而 美？</p><p>二、烤串</p><p>小区人口密集，每晚门口有好几个烤串摊，但只有一家很火，这家是一对老夫妇开的。据说，他们俩通过烤串，前几年已经在附近的一个小区，买了一套房子。这对在北京混了好多年的小白领来说，得是多大的打击！</p><p>同样是烤串，别人门可罗雀，他们为何能门庭若市？我还特地进行观察，发现几个特征：</p><p>1、坚持</p><p>天 气好的时候，客人多，一般都是在 12 点之后收工；下大雪、大雨的时候，只要有客人，再晚也会坚持。很多客人心里都很感激。试想下着雨，你饿着肚子找不着吃的时候，有这么一家店还为你开着，而 且只为你开着，你会不会感动？虽然回家晚，但是每天都凌晨 4 点起床，到市场上买食材，然后回家各种准备，等我们看到的时候，已经是都穿好的串儿了</p><p>2、口味</p><p>很多食材、佐料，都是自己用心做的，口味极佳。</p><p>3、服务</p><p>他们提供了个性化服务，可以记住一些常客喜欢吃什么串、要不要放辣的，偶尔还送客人别的串尝尝；这就类似于我们的通过数据，分析用户的属性，再精准营销一样。</p><p>他们的成功秘诀很简单：坚持、不怕辛苦、坚持不怕辛苦，加上好的产品和服务，再通过口碑传播带来客户。像不像淘宝的小卖家？哈哈。</p><p>三、小卖部</p><p>小 区门口有个类似保安亭的小房子一直闲置，后来有个年轻人给装修好，开了一个小卖部。这个房子有个缺陷，正对小区外没有门只有窗，而且窗子还不大，外面不但 看不全里面的商品，买东西也麻烦。就在这样的情况下，这娃儿居然还搬了一台电脑进去，天天在那上网，我还见过他一个人在里面带着大耳机正乐呢，估计是在看 视频吧。就这样的情况，你让我买东西，我还不好意思打扰他呢。</p><p>结果大家都猜到了，这小店没撑过俩月。关了几天之后，有位中年妇女接手。她做了三件事情，让小店生意火起来了：</p>不再闷在小店里，把常用商品都摆到外面卖，让人方便挑选，快速完成买卖过程；（直观的导流）补充商品种类，现在她还补充了水果、蔬菜，方便了进出小区的住户（客户个性化营销）；和小区的大爷、大妈建立很好的关系，这些都是买菜、买水果的主力军啊。（客户关系营销）<p>回想整个过程，我感触颇多：</p>同一件事情不同的人做，得出的结果可能会有天壤之别；把复杂留给自己，把简单留给用户/客户。即：重后端，轻前端<p>这 3 个案例发生在我的身边，也可以发生在您的身边。忘了是哪位大牛说过一句话：不要当生活中的照相机，要当就当透视仪。少看热闹，多看门道。</p><p>看到这里，我希望这篇文章没有让您失望。互联网也是生活的一部分，做公司做生意都是在做人。有时候我想：</p><p>我们一直在寻找美，但美一直在我们身边。</p><p></p><p></p><p><br></p><p>结语：</p><p>有心，处处皆是天堂；无心，无处不是地狱。摒弃我们内心的浮躁，好好看看这个世界的精彩吧！<br><br>转载的.原文出处不知. </p>', '2013-05-22 07:20:51', '', null, '\0', '1');
INSERT INTO `post` VALUES ('113', '41', '1', '<p>^O^</p><p>4月底，从金山辞职，花了半个月开发了这个BBS，过着很不一样的日子，很充实，有意思。之后开始找工作，目标很明确：去一家创业型的小公司，好好练练。</p><p><br></p><p>在<a href=\"http://www.finebornchina.cn\" target=\"_blank\" title=\"\" data_ue_src=\"http://www.finebornchina.cn\">菁华</a>，我感受到了不一样的气息，他们是一群有激情，有梦想的家伙，任务分配很清晰明确，大家都忙碌着，很随和的氛围~</p><p><br></p><p>这几天都忙着搬家的事情，每天都搬点东西，换了新家了，在郊区，公司附近，房租只要可怜的200块，一卫一床而已，其他啥也木有啊~</p><p><br></p><p>对于这个BBS，如果大家有啥建议什么的可以加QQ群（<span style=\"color: rgb(51, 51, 51); font-family: 微软雅黑; font-size: 14.399999618530273px; line-height: 20px; text-indent: 28px; background-color: rgb(255, 255, 255);\">206034609</span>）提建议，我会持续维护她，虽然现在功能还很弱。</p><p><br></p><p>有种：瀚海阑干百丈冰，愁云黪淡万里凝；雄关漫道真如铁，而今迈步从头越；的感觉。<br></p><p><img src=\"http://img.baidu.com/hi/jx2/j_0028.gif\" data_ue_src=\"http://img.baidu.com/hi/jx2/j_0028.gif\"> &nbsp; &nbsp; &nbsp; &nbsp;</p>', '2013-05-30 13:10:03', '', null, '\0', '1');
INSERT INTO `post` VALUES ('115', '42', '1', '<p>心理导读：当你觉得生活充满惰性，学习充满困难，不妨了解一下大脑是怎么想的，用“普瑞马法则”来处理问题。<br></p><p></p><p>普瑞马法则</p><p>一般在学习和生活中，我们都可能有这样的经验，就是当说想要做某件事情的时候，但过了好久发现还是没有做；或者觉得有力气使不出来；或者总觉得生活是灰色和抑郁的，等等。这类情况反映在生活中，就是生活好像总是被一种惰性缠绕，知道那不好，但又不知道从何处入手来改变。</p><p>以心理学操作性反射的原则为基础，对于人类的行为方式进行观察后，心理学家提出这样一种改进方式，以纠正惰性生活方式，并由这种惰性生活方式的结束而带来整个人生的良性改变。这也叫普瑞马法则。</p><p>你如果有兴趣坚持尝试一周以下方式，你会发现你整个人会很不同了，如果能继续坚持，那惰性生活方式就会永远不敢再接近你，而你将在人生获得你愿意的成就。</p><p>先可以用一天到两天时间给自己做一个行为记录，把你通常每天要做的事情记下来，包括记录你所有的生活活动。这样，即使粗粗地记，大约也会有几十件。然后把其中一些吃饭穿衣等必须完成的事情剔除。此后，你把剩余下来的几十件事情按照你的兴趣排列，把你最不喜欢做的事情放在第一位，把你最喜欢做的事情放在最后一位。</p><p>最后，你就可以在以后一周内进行行动了。每天一早起来，从你最不喜欢的事情开始做起，并且坚持做完第一件事情，再做第二件事情……一直做到最后一件你喜欢的事情。</p><p>在整个过程中，你开始会稍觉得困难，但你只要花很少的力气稍稍坚持，你就能顺利进行下去。千万在中途不要跳跃那些你不喜欢做的事情。</p><p>这种方式是一种强化作用的方式———先处理困难的事情，再处理不那么困难的事情，那是一种对于前面行动的强化，然后继续，强化的效果会越来越大，一直大到你觉得你有力量来完成任何事情。</p><p>对于改变惰性生活方式，这种方式具有很大的效果。而对于经常有抑郁心情的人，这种生活方式将直接改变抑郁的行为，很容易使抑郁的情绪结束，而只要坚持，抑郁的生活方式就会永远结束。通过结束惰性或抑郁的行为，而结束惰性或抑郁的心理。</p><p>如果你试试，并且多一些坚持，你将发现，生活着，工作着，是多么轻松有趣的事情！</p><p>当你学习有惰性，学不进去的时候，不妨看看大脑是怎么想的？</p><p>尽管科学家一个接一个的科研成果让我们对记忆有了越来越多的了解，但直到今天，科学家所发现的所谓大脑的秘密也只是冰山一角，在很大程度上，大脑和记忆仍是神秘的。研究人员认为，记忆是一个过程，并且当你记忆的时候，实际上就是你把保存在大脑中零零碎碎的信息进行重建。但让人不解的是，究竟是什么东西引发大脑开始这个重建过程？这个谜团继续等待科学家们去寻找答案，但有20个事实是已经被科学家证实了的。</p><p>1.大脑喜欢色彩。平时使用高质量的有色笔或使用有色纸，颜色能帮助记忆。</p><p>2.大脑集中精力最多只有25分钟。这是对成人而言，所以学习20到30分钟后就应该休息10分钟。你可以利用这段时间做点家务，10分钟后再回来继续学习，效果会更好。</p><p>3.大脑需要休息，才能学得快，记得牢。如果你感到很累，先拿出20分钟小睡一会儿再继续学习。</p><p>4.大脑像发动机，它需要燃料。大脑是一台珍贵而复杂的机器，所以你必须给它补充“优质燃料”。垃圾食品、劣质食品、所有化学制品和防腐剂，不仅损害身体，还削弱智力。英国一项新研究显示，饮食结构影响你的智商。</p><p>5.大脑是一个电气化学活动的海洋。电和化学物质在水里能更好地流动，如果你脱水，就无法集中精力。专家建议，日常生活要多喝水，保持身体必需的水分，而且一天最好不要饮用相同的饮料，可以交换着喝矿泉水、果汁和咖啡等。另外，研究资料显示，经常性头痛和脱水有关。</p><p>6.大脑喜欢问题。当你在学习或读书过程中提出问题的时候，大脑会自动搜索答案，从而提高你的学习效率。从这个角度说，一个好的问题胜过一个答案。</p><p>7.大脑和身体有它们各自的节奏周期。一天中大脑思维最敏捷的时间有几段，如果你能在大脑功能最活跃的时候学习，就能节省很多时间，会取得很好的学习效果。</p><p>8.大脑和身体经常交流。如果身体很懒散，大脑就会认为你正在做的事情一点都不重要，大脑也就不会重视你所做的事情。所以，在学习的时候，你应该端坐、身体稍微前倾，让大脑保持警觉。</p><p>9.气味影响大脑。香料对保持头脑清醒有一定功效。薄荷、柠檬和桂皮都值得一试。</p><p>10.大脑需要氧气。经常到户外走走，运动运动身体。</p><p>11.大脑需要空间。尽量在一个宽敞的地方学习，这对你的大脑有好处。</p><p>12.大脑喜欢整洁的空间。最近的研究显示，在一个整洁、有条有理的家庭长大的孩子在学业上的表现更好。为什么，因为接受了安排外部环境的训练后，大脑学会了组织内部知道的技巧，你的记忆力会更好。</p><p>13.压力影响记忆。当你受到压力时，体内就会产生皮质醇，它会杀死海马状突起里的脑细胞，而这种大脑侧面脑室壁上的隆起物在处理长期和短期记忆上起主要作用。因此，压力影响记忆。最好的方法就是锻炼。</p><p>14.大脑并不知道你不能做哪些事情，所以需要你告诉它。用自言自语的方式对大脑说话，但是不要提供消极信息，用积极的话代替它。</p><p>15.大脑如同肌肉。无论在哪个年龄段，大脑都是可以训练和加强的。毫无疑问，不要寻找任何借口。不要整天呆在家里无所事事，这只能使大脑老化的速度加快。专业运动员每天都要训练，才能有突出表现。所以你一定要“没事找事”，不要让大脑老闲着。</p><p>16.大脑需要重复。每一次回顾记忆间隔的时间越短，记忆的效果越好，因为多次看同一事物能加深印象，但只看一次却往往容易忘记。</p><p>17.大脑的理解速度比你的阅读速度快。用铅笔或手指辅助阅读吗？不，用眼睛。使用这种方法的时候，需要你的眼睛更快地移动。</p><p>18.大脑需要运动。站着办公效率更高。</p><p>19.大脑会归类，也会联系。如果你正在学习某种东西，不妨问问自己：它让我想起了什么？这样做能帮助你记忆，因为大脑能把你以前知道的知识和新知识联系起来。(来源：壹心理网www.xinli001.com)</p><p>20.大脑喜欢开玩笑。开心和学习效率成正比，心情越好，学到的知识就越多，所以，让自己快乐起来吧！！！</p>', '2013-06-03 13:39:03', '\0', null, '\0', '1');
INSERT INTO `post` VALUES ('122', '45', '1', '<p>又到高考好时节，不久之后大学里又会出现许多活泼可爱鲜嫩多汁的学弟学妹，学长姐们也纷纷开始翘首以盼。</p><p>俗话说的好，“男怕入错行，女怕嫁给狼”；俗话又说了，“程序员改变世界”，对于考生来说，程序员是一个充满诱惑却又危机重重的职业。有的人认为程序员每天做的只是让自己的手上下翻飞敲代码而已，而有的人认为程序员的脑子动地比手更快，更有力。</p><p>To coding or not coding，这是一个严肃的问题。为了造福万千考生，为了给祖国的未来添砖加瓦，我特地采访了身边的几位程序员，让他们给学弟学妹指一条明路。</p><p>这次采访主要有三个问题：</p><ul style=\"margin: 0px; padding: 0px; list-style-type: none; color: rgb(67, 67, 67); font-family: \'Helvetica Neue\', Helvetica, Arial, sans-serif; font-size: 14.399999618530273px; line-height: 25px; text-indent: 28px; white-space: normal; background-color: rgb(255, 255, 255);\"><li>建议学弟妹们当程序员吗？</li><li>怎么看程序员这个职业？</li><li>有什么想对学弟们们说的？</li></ul><p>第一位采访对象，是来自一家举世闻名的科技博客的李本重同学。他不仅是一位高水平程序员，还是一枚十分文艺的高水平程序员。</p><blockquote><p>对高考学生：Follow your heart，高考只是人生的一个小转折点，你会慢慢发现这世界远比你想象中复杂，但复杂也意味着无尽的可能性，知天命，跟随天命，这是你们应该做的事情。</p><p>建议他们当程序员吗：计算世界是美妙的，蕴含着更多的可能性，程序员不应该只是一种职业，而应该是一种逻辑能力，如果有机会重新到来，即使我不当程序员，也会去了解计算机背后的原理与学习相关的技术，这是一种兴趣。</p><p>对程序员这个工种有什么看法：程序员越来越多，但优秀的程序员却不是这样，程序员行业其实和其他行业差不多，会加班，会劳累，但从锻炼思维能力的角度来说，这个行业是有一定优势的。技术终究是为生活服务才有价值，程序员是不可或缺的，但是否从事这个专业还是取决于自己的兴趣，以及具体的处事方式了。</p></blockquote><p>逻辑让这个世界归于秩序，没逻辑的人丰富了我们的娱乐生活，当程序员，送两斤逻辑。</p><p>第二位采访对象，是一位看起来闷骚但心里头比李本重更文艺的码农，琴棋书画基本样样精通，他的回答非常极简主义：</p><blockquote><p>1：不要；</p><p>2：对身体非常不好，有各种差的影响。对思维不利影响也大，变成 0/1 的计算机思维模式，非常不利于于处世。；</p><p>3：没什么吧。</p></blockquote><p>嗯，有道理。</p><p>第三位基友，名叫小元，来自百度。他从学生时代开始就志愿加入了程序员的行列，成为了一名优（苦）秀（逼）的程序员。</p><blockquote><p>1：如果自己有兴趣，不妨成为一名程序员。未来社会中方方面面都需要编程，程序员是未来重要的生产力、创造力呀！就算不成为编程高手，也要学会用这种思维思考问题，对于自己有蛮大帮助吧~</p><p>2.：从职业角度来讲，程序员薪资不错，发展机会也很多。从生活角度讲，程序员可以很辛苦，也可以很风骚很清新，看自己如何处理。总的来说这个工种正在向着好的方向发展。</p><p>3：编程可能会成为未来重要的基本技能，但不是唯一技能，找到自己所爱，才会觉得幸福。大学期间有充分的时间去寻找，别浪费光阴。如果从初中、高中开始，就懂的编程，喜欢编程，大学一定要继续发扬光大，绝对有很大作为的！</p><p>现在越来越多的小孩，从小开始编程，这个真的很好。到大学，有很多时间去学习、尝试自己想做的东西，有可能出现中国的盖茨。就算没有做出自己的产品，所积累的经验，足够获得更好的发展机会。比如：到国内的大企业工作，出国留学，到国外的大企业工作。</p></blockquote><p>这位 90 后同学本就十分风骚和清新，相信他未来开发出来的产品也足够的风骚和清新。</p><p>第四位朋友是程序员中的稀有品种——程序媛，还是一枚萌妹纸。准备赴美读研的闻思过同学有着多年的非职业编程经验，当程序员纯凭兴趣，非常具有代表性：</p><blockquote><p>1： 如果乃不善言辞，如果乃想远离尘嚣，如果乃愿意处理逻辑问题，如果乃对于繁复的工作不感疲倦，如果乃还想有份能温饱的工作，请选择程序员；</p><p>2：这个工种就是孤独寂寞冷，容易活在自己的小世界，需要人脾气很好；</p><p>3：走自己的路，让自己的路没人能走。</p></blockquote><p>或许对她来说，不存在找妹子的问题。</p><p>下面这位同学名叫 Thomas Yao，是一名做 GitCafe 互联网创业者，可谓是冲在程序员战场最前线的汉纸。</p><blockquote><p>1：喜欢写程序，对计算机技术真正有兴趣的，可以报考计算机专业，不要因为听说计算机行业工资水平高才入这个行，否则你会发现比挑大粪更辛苦；</p><p>2：程序员是伟大的职业，负责创造提高社会效率的工具，不要认为程序员是一个很卑微的职业，除非你是因为认为工资水平高才入这个行，否则你会发现这和挑大粪一样卑微，因为你不会创造，只会服从。做的事情千遍一律，就和打字员没什么区别；</p><p>3：考上什么学校不重要，在学校里结识志同道合的朋友才是关键，再差的学校也有优秀的人，再优秀的学校也有垃圾，此外中国的所有大学都基本一样垃圾，没什么本质区别。</p></blockquote><p>1、Thomas 同学嘱咐我，一定要提醒各位考生他是没经历过高考的学长；2、我同意最后一句。</p><p>最后一位同学，来自 Google，还是一家举世闻名的科技博客的 CTO，他说：</p><blockquote><p>1：No；</p><p>2：低级程序员其实就是民工 ；</p><p>3：好好学习绝对不是一句空话，理工科不好好学习会后悔一辈子。</p></blockquote><p>以上几位同学的意见观点各异，却十分有代表性，除了都没有谈到找伴侣的问题之外，每一个都有一定的参考价值。</p><p>不过我想说的是，经验只有去体验才能获得，自己的路只有自己能走。别人的故事终究只是故事，自己的故事才叫人生。程序员并不特别，这里的特别指的是它不是特别牛，也不是特别苦，真正吸引我们眼球的是人、是故事，而不是职业。谨慎地做出选择，然后勇敢地践行它，即便不成功，也不会在年老时抱着自己的孙子反复告诫他不要当程序员。</p><p>学长只能帮你到这里了，加油。</p><p><br></p>', '2013-06-08 14:29:49', '\0', null, '\0', '1');
INSERT INTO `post` VALUES ('123', '45', '1', '<p>^O^</p><p>转自：</p><p>http://www.wumii.com/item/KFujdr2u</p>', '2013-06-08 14:30:07', '\0', null, '\0', '1');
INSERT INTO `post` VALUES ('125', '47', '1', '<p>^O^</p><p>2013年，已经进入第18个年头的Java仍然是InfoQ上最受欢迎的话题，最近的《<a target=\"_blank\" href=\"http://www.infoq.com/cn/articles/java-interrupt-mechanism\">详细分析Java中断机制</a>》、《<a target=\"_blank\" href=\"http://www.infoq.com/cn/articles/9_Fallacies_Java_Performance\">关于Java性能的9个谬论</a>》、《<a target=\"_blank\" href=\"http://www.infoq.com/cn/articles/java-memory-model-7\">深入理解Java内存模型</a>》等系列文章，一直占据InfoQ阅读热榜的首位。同时，今年7月的<a target=\"_blank\" href=\"http://www.oracle.com/events/apac/cn/zh-cn/javaone/index.html\">JavaOne</a>（<a target=\"_blank\" href=\"http://www.infoq.com/cn/vendorcontent/show.action?vcr=2230\">购票入口</a>）再次选择了中国，7月22-25日将在上海世博中心举行连续4天的会议，话题涵盖核心Java平台、JavaFX与用户体验、Java EE和Web服务/云，以及Java ME/Java Embedded/Java Card等技术领域。</p><p>2013年，在云计算、大数据、移动互联网等话题占据了人们所有的注意力的时候，Java的状态到底如何？近期，InfoQ中文站将对业内几位资深Java项目作者与书籍作者进行采访，了解他们眼中Java的现状，以及他们对Java未来的看法。</p><p>今天受邀参与采访的嘉宾是远光软件开发部总经理，《深入理解Java虚拟机》、《深入理解OSGi》的作者周志明（<a target=\"_blank\" href=\"http://weibo.com/icyfenix\">@Iam周志明</a>）。</p><p><br></p><p>InfoQ：Java语言给您留下的最初印象是什么？您最初的Java项目是什么样的？</p><blockquote><p>周志明：我在大学以及刚开始工作时，并不使用Java语言。第一次接触Java，是参与一个MIS项目，采用JDK 1.4，EJB 2、JSF 1作为技术平台，IBM WSAD作为开发平台。</p><p>那时候对Java的感受很矛盾，一方面感觉Java，准确的说是Java EE确实很规范、完善，框架和容器了提供很多功能，使用者大部分的技术性需求确实都考虑到了。另一方面，感受是Java EE很烦很繁，经常怀疑是不是必须把事情搞得那么复杂，最简单一个SessionBean至少要写3个类还要做一番配置，WSAD虽然能帮忙做很多工作，但是又慢得一塌糊涂。<strong><span style=\"color: rgb(192, 0, 0);\">\"理想很丰满，现实很骨感\"，相信这就是那时候很多人的感受。</span></strong></p></blockquote><p>InfoQ：您现在接触的Java项目跟那时相比，有怎样的变化？</p><blockquote><p>周志明：现在的Java项目普遍从“迷信”趋于“理性”，以前的Java项目从迷信EJB为代表重容器服务时代，到后来迷信without EJB为代表的SSH时代，再到现在各种技术、框架都趋于成熟后，理性选择的时代。<strong><span style=\"color: rgb(192, 0, 0);\">现在我接触的很多项目，除了Spring还被普遍采用之外，已经没有什么必然的技术存在了。</span></strong></p><p>另外一个变化是现在的项目已经把非交付代码的需求提升到很重要的位置，单元测试、CI、Maven等几乎成为项目必不可少的一部分。</p></blockquote><p>InfoQ：您是否会推荐您在Java项目中的年轻程序员去掌握其他编程语言？您的首选推荐语言是什么？</p><blockquote><p>周志明：我认为“掌握其他语言”不是推荐不推荐的问题，Java程序员应该、必须学习掌握至少一门Java以外的语言。从互联网到企业应用，从手机、移动设备到分布式服务、从界面到后端，目前Java都有涉猎。使用一门语言包办绝大部分需求，对这门语言本身来说是一件好事；但对于人来说，这何尝不是一个单调的世界。熟练掌握一门语言的语法、框架、工具之后，要更进一步，或者说要精通这门语言，那会遇到很多问题，不得不站在语言之外去看去思考，才能避免“只缘身在此山中”的困境。</p><p>举一些例子，譬如去年发布的Java 7中，其中一个新增的特性是<a target=\"_blank\" href=\"http://www.infoq.com/cn/articles/jdk-dynamically-typed-language\">加入了invokedynamic指令和java.lang.invoke包（JSR-292）</a>。仅在Java语言范围内，很难理解为什么需要添加invokedynamic指令？java.lang.invoke和java.lang.reflect有什么区别？再譬如为什么有许多JIT的代码优化，尤其是激进优化，JIT编译器能做，而GCC这些静态编译器不能做？没有其他语言的对比，这些问题都不容易想清楚理透彻。</p></blockquote><p>InfoQ：对于一些从新锐编程语言开始入行的年轻程序员，比如Ruby程序员，您是否会推荐他们了解Java？为什么？</p><blockquote><p>周志明：如果主要使用的是JRuby，那学习Java还是很有必要和价值的。否则，是否要学习Java，我认为首先要取决于个人兴趣。若没有足够动力，仅仅从语法层面了解Java，简单写几个DEMO，那Java并没有什么可取之处，甚至可以说Java的语法已经落后于许多新生代的语言，也落后于它的竞争对手C#（随着Project Coin和Lambda的加入，Java的语言能力会改善一些），以至于让人产生Java语言非常啰嗦的误解。我认为Java最值得学习的是它极为完善成熟的生态系统，几乎所有你感兴趣的领域，都能找到对应的开源项目，而且在不少的技术领域中，存在着经过长期验证，蕴含精妙思想，值得学习阅读的项目。</p></blockquote><p>InfoQ：不少传统的Java应用开发者最近都开始尝试Scala、Node.js等新的编程语言，编写出来的应用在编写效率、资源消耗等方面相比Java有很多优势。毫无疑问，新技术大量出现，老技术的适用范围会被部分替代。您认为Java的应用场景有哪些适合被替代，哪些不适合被替代？</p><blockquote><p>周志明：说Scala、Node.js对比起Java有编写效率的优势，这点在开发处于中小型规模时，我是认同的。但是在资源消耗上，以相同的算法思路为前提，Scala和Java都是JVM语言，将很难找到论据证明前者比后者性能有显著提高。而当开发规模膨胀到一定程度，我相信Java在规范、协作和性能调优上还是占有很大优势。许多著名应用都证实了这一点，如Yammer从Scala转Java、Twitter从ROR转Java等。</p><p>因此我认为关注快速成型的、中小型的互联网应用，新生代语言将会一定程度代替Java，但是在大型应用，尤其是企业应用上，Java的地位仍然难以撼动。</p></blockquote><p>InfoQ：JVM下多语言协作开发是否能够最大化地发挥Java自身的优势？</p><blockquote><p>周志明：毫无疑问，多语言协作至今仍是一个被严重忽视的优势。许多人认为Java之所以基于虚拟机运行，目的仅是来满足Java语言跨平台的需要。这其实只对了一半，看那些没有跨平台需求的C#、VB.net语言，同样运行于CLR虚拟机之上，这样做的目的就是为了支持多语言。</p><p>Java平台上的多语言混合编程正成为主流，每种语言都可以针对自己擅长的方面更好地解决问题。试想一下在一个项目之中，并行处理用Clojure语言编写，展示层使用JRuby/Rails，中间层则是Java，每个应用层都将使用不同的编程语言来完成，而且，接口对每一层的开发者都是透明的，各种语言之间的交互不存在任何困难，就像使用自己语言的原生API一样方便 ，因为他们最终都运行在一个虚拟机之上。</p></blockquote><p>InfoQ：您觉得Java语言自身存在的挑战是什么？</p><blockquote><p>周志明：<strong><span style=\"color: rgb(192, 0, 0);\">Java语言最大的挑战来源于自身。</span></strong>Java一直引以为豪的社区管理（基于JCP管理）模式，利于集合多家厂商的力量，对Java语言的发展起了至关重要的促进作用。但是今天这种模式对Java的发展反而产生了制约。JCP执委会中每个成员，基于自己的商业利益，都希望在Java发展方向上有更大的话语权，过于庞大的决策群体和决策流程导致Java患上了“大公司病”，前面提到的Java语法是一个例子，C#刚刚发布的时候是参考模仿过Java的，但到今天微软一家掌控的C#，语法先进程度早已远远超过了Java。另一个例子是Java的模块化规范，JSR-232、JSR-277、JSR-291、JSR-294等技术提案几乎成了Oracle与IBM为首的厂商的商业斗争，导致Java的模块化进程一拖再拖。其他的例子还有Oracle与Apache关于Harmony的TCK授权之争、Oracle与Google关于Android的Java授权之争等等。由于掺杂着越来越多的商业利益，导致JCP和Java的活力在逐渐减弱。</p></blockquote><p>InfoQ：一旦Java 8走向成熟，是否可以支持现有系统向Java 8的成熟迁移？</p><blockquote><p>周志明：尽管Java 8已经发布在望，但距离成为商用主流版本还有一段相当遥远的路。据我所知，目前还有许多企业信息系统甚至还在使用JDK 1.4。Java的每一个版本都是与之前版本保持兼容的，即使有少量不兼容的地方，修改成本一般也不大。迁移到新Java版本的最大的牵绊在于对新版本特性和虚拟机稳定性的考量，以及以前在生产环境中投入的成本两方面，例如用户已经够买了Weblogic 10，没有特殊需要的话，那就一直用Java 5好了。</p><p>但是如果以“一旦Java 8走向成熟”为前提来讨论的话，Java 8还是相当吸引人的，且不说JVM层面上的性能改善措施，光从功能上讲，即使Jigsaw被裁，剩下以Lambda为首的一系列改进仍然让人对Java 8保有足够的期待。</p></blockquote><p>转自：http://www.infoq.com/cn/news/2013/06/zhiming-on-java-18</p>', '2013-06-08 14:56:27', '\0', null, '\0', '1');
INSERT INTO `post` VALUES ('126', '48', '1', '<p>^O^</p><p>RT</p><p>看到这个话题，偶深有体会，整天坐的屁股痛！</p><p><img src=\"http://img.baidu.com/hi/jx2/j_0012.gif\" data_ue_src=\"http://img.baidu.com/hi/jx2/j_0012.gif\"></p>', '2013-06-09 13:45:25', '\0', null, '\0', '1');
INSERT INTO `post` VALUES ('128', '49', '1', '<p>^O^</p><p>1.导入bbs.sql到mysql中；</p><p>2.配置一下config.txt（配置项都有注释的），注：config文件夹必须设置为项目的源码目录，以便编译后所有config文件夹下的配置文件可以被自动放到WEB-INF下的classes目录；</p><p>3.运行MyConfig.java里的main方法即可；</p>', '2013-06-14 10:19:06', '', null, '\0', '1');
INSERT INTO `post` VALUES ('129', '49', '1', '<p>^O^</p><p>新人可能遇到的问题：（强烈推荐先弄清楚web项目的目录结构<img src=\"http://img.baidu.com/hi/jx2/j_0003.gif\" data_ue_src=\"http://img.baidu.com/hi/jx2/j_0003.gif\">，<a href=\"http://hi.baidu.com/yuhfurrudzkmuve/item/2d026dc4933ca357ac00efd3\" target=\"_blank\" title=\"\" data_ue_src=\"http://hi.baidu.com/yuhfurrudzkmuve/item/2d026dc4933ca357ac00efd3\">查看这篇文章</a>）</p><p>如何导入该项目？</p><p>1. 下载项目，并解压缩；</p><p>2. 启动eclipse，新建一个空项目（可以命名为“bbs”）；</p><p>3. 到刚刚解压缩的文件夹下：</p><p>    拷贝src目录覆盖掉你新建的bbs项目里的src文件夹。</p><p>    拷贝lib目录，覆盖BBS项目里的lib目录。<br></p><p>    拷贝config文件夹下的所有文件，放到src文件夹里。<br></p><p>   确认无误后，运行MyConfig.java的main方法，输入：“localhost”即可访问。<br></p><p></p><p>当然，这是一个曲线救国的思路。</p><p>嫌麻烦的话，你可以下载jfinal-bbs群共享里的“可直接导入到eclipse版.rar”<img src=\"http://img.baidu.com/hi/jx2/j_0064.gif\" data_ue_src=\"http://img.baidu.com/hi/jx2/j_0064.gif\"></p><p><br></p><p>搞清楚java web目录结构，搞清楚servlet原理，jdbc编程，减少对ide的依赖，这些基础是有必要夯实的。</p><p><br></p><p>所谓“欲速则不达”，做到“知其然，知其所以然”，有助于掌握更多更深的知识，望新人朋友们搞好基础，早日逆袭成功。<img src=\"http://img.baidu.com/hi/jx2/j_0002.gif\" data_ue_src=\"http://img.baidu.com/hi/jx2/j_0002.gif\"></p>', '2013-06-14 10:35:01', '', null, '\0', '1');
INSERT INTO `post` VALUES ('130', '49', '1', '<p>^O^</p><p>如何成为该BBS的“管理员”？（so easy）</p><p>    配置一下“config.txt”，例如指定其中的admin_email=xxoo@qq.com。</p><p>    然后，注册一个xxoo@qq.com的帐号，登录（和普通会员是同一个登陆页面），之后就会成为管理员。<br></p><p>    然后，查看帖子的时候，你就会看到“编辑”按钮，也可以看到帖子回复的“删除”功能：）<br></p><p></p><p>Just Do IT。<img src=\"http://img.baidu.com/hi/jx2/j_0028.gif\" data_ue_src=\"http://img.baidu.com/hi/jx2/j_0028.gif\"></p>', '2013-06-14 10:40:41', '\0', null, '\0', '1');
INSERT INTO `post` VALUES ('137', '53', '1', '<p>^O^</p><p>当是一个菜鸟的时候，就被告知怎么发外链。那时候只有一个目标，外链发的越多就越有用。曾经的单纯在百度绿萝面前被土崩瓦解，我窃自思考了一下独立博客评论互动的未来。不说以前，现在做博客都是喜欢去别人博客留言和评论。一来可以在那些高权重网站留个链接，虽说无大用，但还是会有点影响吧。二来你在他人博客留言，就会带来博主的回访和互评，这样就形成了一个生态互访体系，对于活跃网站气氛很有好处。我相信做网站的人都知道卢松松博客，这应该也算是国内独立博客的一个标杆了。很多新老站长每天都会花点时间泡在上面，不仅可以了解最新资讯、学习网站优化知识，最终要的是可以留链接，让自己的网站曝光。</p><p>有人说卢松松的博客热度就是垃圾外链撑起来的 虽然有点夸大，但不能否认外链在其作用。我相信要是取消链接，留言积极性远没有现在疯狂。我们小站之间的互访也是这样的道理，经常主动去评论他们文章，希望得到回访。博客气氛有了，才能获得可观流量。多站点的外链泛滥，质量参差不齐的目标网站，这样的不算垃圾链才怪。</p><p>百度绿萝算法打击低质量外链，除了过滤，还要惩罚，不得不让站长们越来越小心。昨天看到一个站长发软文抱怨，说站长以后怎么办，然后他在软文结尾处很悲壮的来了一句，发最后一次外链！！！一般稳妥的办法就是博主之间互动继续，但不再留链。但没有链接，就不能把对方网站的部分用户转化过来，单方面的留言评论意义不大，再后来站长们就不热衷这个了。这种原始的互动也将变为泡沫。拿21氪来说，网站氛围还是不错的,不少博主过来评论或是留言，但这两天有几个博主就不留自己网站的链接。很多人开始小心，这是我看到的变化。这权属我的一家之言，未来博客互动到底是什么趋势和形式，让我们拭目以待。</p><p>转自：<a href=\"http://www.21kexin.com/yingxiao/20130705.html\">http://www.21kexin.com/yingxiao/20130705.html</a><br></p>', '2013-07-05 21:53:45', '\0', null, '\0', '1');
INSERT INTO `post` VALUES ('138', '49', '1', '<p>^O^</p><p>部署到tomcat里，如何解决css样式加载不出来的问题：</p><p>因为默认的项目路径是“/”，根路径，如果需要自己定义项目路径，比如为“/bbs”，则需要在Myconfig.java里加入如下代码：</p><p>**</p><p><span class=\"Apple-tab-span\"></span> * 配置处理器</p><p><span class=\"Apple-tab-span\"></span> */</p><p><span class=\"Apple-tab-span\"></span>public void configHandler(Handlers me) {</p><p><span class=\"Apple-tab-span\"></span> &nbsp; &nbsp;me.add(new ContextPathHandler(\"your_ctx_path.................\"));</p><p><span class=\"Apple-tab-span\"></span>}</p><p><br></p>', '2013-07-08 10:13:47', '\0', null, '\0', '1');
INSERT INTO `post` VALUES ('139', '54', '1', '<p>^O^</p><p>核心提示：国人瞩目的刘志军案终于姗姗下判，其判决让国人禁不住询问，为何只有十年有期徒刑？为何是死缓？</p><div><p>由于各种羁绊，已多日未发文，今日刚安顿好即有读者在微博下评论，让分析下军哥能够大难不死？我顺手发了条微博说：“其实判重了，判个书面检讨就足够了，不然宇宙还不得嘲笑咱们装B跟人家比阔？”</p><p></p><p>其实我们看看近年来中国的反腐娘子军队伍就能得出死缓结果的必然性：作家学者型：常艳；技术刑侦型：赵红霞；高调明星型：郭美美；大众传媒型：纪英男……我们的官员生活在如此恶劣的环境下，给个死缓照顾下也就理所当然了。</p><p></p><p>今日国人瞩目的刘志军案终于姗姗下判，其判决让国人禁不住询问，为何只有十年有期徒刑？为何是死缓？郭德纲这哥们总喜欢在大庭广众下说什么保外就医，这十年有期徒刑加死缓会不会最终让郭德纲给说对了呢？其中道理不详赘述了。</p><p></p><p>我们重点谈谈军哥为何能够逃脱一死？审判长不负众望给出了三条理由，第一是主动交代了未被查出的其他受贿事实（这是在显示咱们鸡尾及相关部门的无能呢？）；第二是军哥一家子配合神秘的有关部门追缴赃款（以后贪官们效仿的依据？毕竟咱们的官员们做事喜好依据这口嘛！）；第三是认罪态度好，有悔罪表现（怪不得雷童鞋说自己上赵红霞不算犯罪呢？）。根据这三条理由，我们有理由相信，别看我们120万之众的裸官，别看村里的老人都会嘴边挂着无官不贪的怒言，一旦我们的贪官们被查处，绝大部分都能成为军哥这样的典型，这叫丧事喜办，毕竟几十年的老习惯了，岂能在军哥这断了弦？</p></div>', '2013-07-10 20:16:30', '\0', null, '\0', '1');
INSERT INTO `post` VALUES ('140', '54', '1', '<p>^O^</p><p>根据上述三条理由，我不禁思索，为何咱们的审判员做了犯众怒的审判还不忘为军哥进一步擦一下屁股呢？关键就在于，军哥上面的角色是谁，军哥之所以能够成为铁老大绝非宇宙这哥们心疼咱军哥，那得是咱们的真理看重了咱们军哥啊？现在出了事，咱们真理能不帮咱们军哥吗？不地道，也不厚道，关键时刻还得是真理老大出来平事，最终军哥也就逃脱一死。这个结果在军哥被爆出300多套房的时候我已经有了预料了，毕竟300多套房加上千万都能被有些人抹粉点缀说军哥其实淡薄钱财，单好女人这口，这该是多么霸道的评价呢？所以人家雷政富怎么没理由说上赵红霞侦探不是犯罪呢？环环紧扣的嘛！</p><p></p><p>所以我们听审判员的画外之音：军哥的374套房产非犯罪所得。无论是军哥睁一只眼闭一只眼，忽忽悠悠这三百多套住房就来了，还是军哥的手下媚上瞒着军哥就给其名下整了三百多套住房，关键这些住房都不是军哥犯罪所得。那话外之音就是军哥的374套房产是合法所得，因此这也是军哥未判死刑的一个小理由（此理由审判员为专门立为标题讲解），所以我们得出的结论是军哥辛辛苦苦赚了几千万加374套住房，怎么就成了贪污了呢？军哥其实被判十年都冤枉，不管将来会不会保外就医，我们的审判员，当然还有更多的体制内的官员们都是十分同情军哥的悲惨遭遇，这简直就是祸害我们的焦裕禄们啊？中国人的素质真是低下，还高喊死刑？写到这里，相信大家都能够明白我开篇为何说判重了吧？其实就算我说的书面检讨也算重了，应该来两斤茅台，自罚两杯，然后大家一起乐呵乐呵，这事就算结束了，没看黄袍怪最后上天时那得瑟样？真以为孙猴子老牛逼了啊？吴承恩其实多年前就已经预料到军哥的威武了！在岸上的中国公民与在河里的中国官员压根就不是一个社会观众的群体，何来公平之说？何来公理之说呢？宇宙都得低头叫爷，你普通公民愤怒有毛用？还是淡定吧，谁让这是咱们先辈们的选择呢？</p>', '2013-07-10 20:16:58', '', null, '\0', '1');
INSERT INTO `post` VALUES ('141', '54', '1', '<p>^O^</p><p>在这里，我想起了以前贪了十万、五十万被捕的几个官员，我当时特别不理解中国人究竟怎么了，竟然高呼这几个官是清官，不应该被捕？而今再细细品味，才明白当初自己的幼稚，这年头应当对凡是贪污受贿的官员一律取消死刑判决，毕竟自此以后再有官员因此而被判死刑一定是冤鬼了，同时军哥一出，百官毕竟要乐呵上一阵子的，毕竟只要不死刑，跟拿个美国绿卡已经没多大区别了，鸡尾见了美国绿卡萎缩，贪官不死刑早晚不还是保外就医嘛！所以像许霆神马的被判个几年是正常的，谁让你不是咱们幸福的官员们呢？</p><p></p><p>最后提醒各位贪官们，凡是搞贪污，一定要讲策略，第一狠命贪，绿卡神马的该拿的抓紧时间拿，反正性无能的鸡尾拿你们没办法，普通公民更怎么不着你们不是？第二搞关系，上面有人你就是谈个几千亿照样玩的转！第三，被捕后法庭上飙泪，军哥以及雷政富等你们的前辈们都已经为你们做了模范示范嘛！第四，贪污后，一定要留一部分，别傻愣的一个劲都花完，千万别跟那个神马司长一样养咱们的媒体新星纪英男，一日一万，太浪费，留着点等着被抓后吐出来用，这玩意能减刑啊？最后不得不谈的是，为何有人傻帽一样愿意花50块钱入党，党籍算个护身符啊，一旦犯事能档一刀，这种便宜的BUG外挂你在网游上都买不到啊！像腾讯CF这样的坑爹游戏，没个百八十块你想买护身符你能买得到嘛？</p>', '2013-07-10 20:17:23', '\0', null, '\0', '1');
INSERT INTO `post` VALUES ('142', '54', '1', '<p>^O^</p><p>本文来源：九个头条</p><p>本文链接：<a target=\"_blank\" href=\"http://www.topnews9.com/arc/20130709/22958.html\">http://www.topnews9.com/arc/20130709/22958.html</a></p>', '2013-07-10 20:17:43', '\0', null, '\0', '1');
INSERT INTO `post` VALUES ('143', '55', '1', '<p>^O^</p><p><embed type=\"application/x-shockwave-flash\" class=\"edui-faked-video\" pluginspage=\"http://www.macromedia.com/go/getflashplayer\" src=\"http://www.tudou.com/o/PVj4doZLNX8/yLE-wBMvqu4/&amp;iid=130650863&amp;resourceId=0_04_02_99/v.swf\" width=\"420\" height=\"280\" align=\"none\" wmode=\"transparent\" play=\"true\" loop=\"false\" menu=\"false\" allowscriptaccess=\"never\" allowfullscreen=\"true\"></p><p><br></p>', '2013-07-11 20:43:54', '', null, '\0', '1');
INSERT INTO `post` VALUES ('144', '55', '1', '<p>^O^</p><p><embed type=\"application/x-shockwave-flash\" class=\"edui-faked-video\" pluginspage=\"http://www.macromedia.com/go/getflashplayer\" src=\"http://www.tudou.com/v/x82COPDCHOk/&amp;resourceId=0_04_02_99&amp;tid=0/v.swf\" width=\"420\" height=\"280\" align=\"none\" wmode=\"transparent\" play=\"true\" loop=\"false\" menu=\"false\" allowscriptaccess=\"never\" allowfullscreen=\"true\"></p><p><br></p>', '2013-07-11 21:04:27', '', null, '\0', '1');
INSERT INTO `post` VALUES ('158', '55', '1', '<p><img src=\"http://img.baidu.com/hi/jx2/j_0058.gif\" data_ue_src=\"http://img.baidu.com/hi/jx2/j_0058.gif\"></p>', '2013-07-12 18:38:10', '\0', null, '\0', '1');
INSERT INTO `post` VALUES ('160', '55', '1', '<p><img src=\"http://img.baidu.com/hi/jx2/j_0002.gif\" data_ue_src=\"http://img.baidu.com/hi/jx2/j_0002.gif\"></p>', '2013-07-14 09:52:49', '\0', null, '\0', '1');
INSERT INTO `post` VALUES ('161', '55', '1', '<p><img src=\"http://img.baidu.com/hi/jx2/j_0019.gif\" data_ue_src=\"http://img.baidu.com/hi/jx2/j_0019.gif\"></p>', '2013-07-14 09:53:19', '\0', null, '\0', '1');
INSERT INTO `post` VALUES ('182', '56', '95', '1111', '2016-10-27 10:32:52', '\0', null, '\0', '1');
INSERT INTO `post` VALUES ('183', '56', '95', '44444', '2016-10-27 12:30:02', '\0', null, '\0', '1');
INSERT INTO `post` VALUES ('184', '56', '95', '4444466666', '2016-10-27 12:30:22', '\0', null, '\0', '1');
INSERT INTO `post` VALUES ('185', '56', '95', '@123123 4444466666', '2016-10-27 12:32:53', '\0', null, '\0', '1');
INSERT INTO `post` VALUES ('186', '57', '1', '5555', '2016-10-28 14:52:51', '\0', null, '\0', '1');
INSERT INTO `post` VALUES ('187', '57', '1', '65656', '2016-10-28 14:54:04', '\0', null, '\0', '1');
INSERT INTO `post` VALUES ('188', '57', '1', '2134', '2016-10-28 14:57:35', '\0', null, '\0', '1');
INSERT INTO `post` VALUES ('189', '57', '1', '1234123', '2016-10-28 14:57:39', '\0', null, '\0', '1');
INSERT INTO `post` VALUES ('190', '57', '1', '3245324', '2016-10-28 14:57:45', '\0', null, '\0', '1');
INSERT INTO `post` VALUES ('191', '57', '1', '2134', '2016-10-28 14:57:53', '\0', null, '\0', '1');
INSERT INTO `post` VALUES ('192', '57', '1', '2134', '2016-10-28 14:57:57', '\0', null, '\0', '1');
INSERT INTO `post` VALUES ('193', '57', '1', '2134', '2016-10-28 14:58:01', '\0', null, '\0', '1');
INSERT INTO `post` VALUES ('194', '57', '1', '@紫电清霜 45634563', '2016-10-28 14:58:36', '\0', null, '\0', '1');
INSERT INTO `post` VALUES ('195', '58', '1', 'rrrrr', '2016-10-28 15:33:59', '\0', null, '\0', '1');
INSERT INTO `post` VALUES ('196', '8', '1', 'qwerqface[嘻嘻]', '2016-10-28 15:37:35', '\0', null, '\0', '1');
INSERT INTO `post` VALUES ('197', '59', '95', '2222', '2016-11-04 13:01:07', '\0', null, '\0', '1');

-- ----------------------------
-- Table structure for reply
-- ----------------------------
DROP TABLE IF EXISTS `reply`;
CREATE TABLE `reply` (
  `id` int(11) NOT NULL AUTO_INCREMENT,
  `topicID` int(11) NOT NULL DEFAULT '1',
  `postID` int(11) NOT NULL,
  `userID` int(11) NOT NULL DEFAULT '0',
  `content` varchar(300) NOT NULL,
  `createTime` timestamp NOT NULL DEFAULT CURRENT_TIMESTAMP,
  PRIMARY KEY (`id`),
  KEY `topicID_R` (`topicID`),
  KEY `postID_R` (`postID`),
  KEY `userID_R` (`userID`),
  CONSTRAINT `postID_R` FOREIGN KEY (`postID`) REFERENCES `post` (`id`) ON DELETE CASCADE ON UPDATE CASCADE,
  CONSTRAINT `topicID_R` FOREIGN KEY (`topicID`) REFERENCES `topic` (`id`) ON DELETE CASCADE ON UPDATE CASCADE,
  CONSTRAINT `userID_R` FOREIGN KEY (`userID`) REFERENCES `user` (`id`) ON DELETE CASCADE ON UPDATE CASCADE
) ENGINE=InnoDB AUTO_INCREMENT=142 DEFAULT CHARSET=utf8;

-- ----------------------------
-- Records of reply
-- ----------------------------
INSERT INTO `reply` VALUES ('34', '6', '19', '1', '谢谢，佩恩：）', '2013-05-10 03:06:32');
INSERT INTO `reply` VALUES ('36', '5', '22', '1', '目前的打算是：修复bug，增强功能，打造为一个简洁清新，简洁易用的BBS。', '2013-05-10 03:18:54');
INSERT INTO `reply` VALUES ('39', '7', '24', '7', 'thank you ~', '2013-05-10 04:08:31');
INSERT INTO `reply` VALUES ('43', '1', '20', '1', '嗯嗯，简洁点好', '2013-05-10 04:54:03');
INSERT INTO `reply` VALUES ('56', '5', '27', '1', '波总的头像链接居然是开源中国的：）', '2013-05-10 12:10:01');
INSERT INTO `reply` VALUES ('58', '11', '39', '1', '回复@游客: world', '2013-05-10 13:15:23');
INSERT INTO `reply` VALUES ('64', '14', '45', '1', '嘿！听着——我是个程序员。我没有时间交女朋友。但一个会说话的青蛙却是个很酷的东西。哈哈~~中枪了没？', '2013-05-12 05:40:49');
INSERT INTO `reply` VALUES ('68', '3', '15', '1', '回复@游客: 别酱紫嘛，亲，回复点有意义的', '2013-05-12 15:21:01');
INSERT INTO `reply` VALUES ('69', '6', '19', '1', '回复@游客: welcome：）', '2013-05-12 15:22:20');
INSERT INTO `reply` VALUES ('70', '8', '25', '1', '回复@游客: 是啊，帅哉我12哥：）', '2013-05-12 15:23:08');
INSERT INTO `reply` VALUES ('75', '3', '11', '1', '回复@游客: 嘿嘿！确实，就好像一条鲶鱼，更是一个斗士，勇者无畏，我很敬佩他！', '2013-05-13 10:48:45');
INSERT INTO `reply` VALUES ('76', '23', '64', '1', '回复@hotman: 淡定呀，嘿嘿，我猜你晚上肯定去买香蕉了，中不中？', '2013-05-13 10:49:47');
INSERT INTO `reply` VALUES ('94', '28', '74', '1', '回复@游客:  ^_^', '2013-05-17 02:14:55');
INSERT INTO `reply` VALUES ('106', '1', '1', '1', '回复@紫电清霜: 1.1版本取消了游客的回复权限', '2013-05-20 09:35:52');
INSERT INTO `reply` VALUES ('115', '37', '104', '10', '非常好的文章，已转到微博了，对创业很有指导意义，谢谢分享 :)', '2013-05-25 07:50:42');
INSERT INTO `reply` VALUES ('118', '37', '104', '1', '回复@JFinal: 嘿嘿，欢迎常来坐坐，波总！', '2013-05-28 15:32:36');
INSERT INTO `reply` VALUES ('121', '41', '113', '1', '回复@260: 3Q ：） ', '2013-06-08 05:04:01');
INSERT INTO `reply` VALUES ('128', '55', '143', '1', '该片段来自于世界第一武术指导袁和平联手李连杰打造的巅峰之作《精武英雄》：）', '2013-07-11 21:06:18');
INSERT INTO `reply` VALUES ('129', '55', '144', '1', '拳拳到肉，刚猛无比的战狼传说：）', '2013-07-11 21:07:16');

-- ----------------------------
-- Table structure for topic
-- ----------------------------
DROP TABLE IF EXISTS `topic`;
CREATE TABLE `topic` (
  `id` int(11) NOT NULL AUTO_INCREMENT,
  `userID` int(11) NOT NULL DEFAULT '0',
  `moduleID` int(11) NOT NULL,
  `postCount` int(11) NOT NULL DEFAULT '0',
  `replyCount` int(11) NOT NULL DEFAULT '0',
  `pv` int(11) NOT NULL DEFAULT '0',
  `title` varchar(60) NOT NULL,
  `content` varchar(220) DEFAULT NULL,
  `emotion` tinyint(2) DEFAULT NULL,
  `createTime` timestamp NOT NULL DEFAULT CURRENT_TIMESTAMP,
  `isNice` bit(1) NOT NULL DEFAULT b'0',
  `isUp` bit(1) NOT NULL DEFAULT b'0',
  `isClose` bit(1) NOT NULL DEFAULT b'0',
  `point` int(11) NOT NULL DEFAULT '0',
  PRIMARY KEY (`id`),
  KEY `moduleID_T` (`moduleID`),
  KEY `userID_T` (`userID`),
  CONSTRAINT `moduleID_T` FOREIGN KEY (`moduleID`) REFERENCES `module` (`id`) ON DELETE CASCADE ON UPDATE CASCADE,
  CONSTRAINT `userID_T` FOREIGN KEY (`userID`) REFERENCES `user` (`id`) ON DELETE CASCADE ON UPDATE CASCADE
) ENGINE=InnoDB AUTO_INCREMENT=61 DEFAULT CHARSET=utf8;

-- ----------------------------
-- Records of topic
-- ----------------------------
INSERT INTO `topic` VALUES ('1', '1', '3', '9', '0', '255', '我的小窝？不，这是大家的小窝【欢迎光临】', '我的小窝？不，这是大家的小窝【欢迎光临】', null, '2013-05-09 11:49:35', '', '\0', '\0', '1');
INSERT INTO `topic` VALUES ('2', '1', '1', '10', '0', '130', '找不到女友的屌丝的八大特征，你中枪了吗？亲', '找不到女友的屌丝的八大特征，你中枪了吗？亲777777', null, '2013-05-09 10:51:51', '\0', '\0', '\0', '5');
INSERT INTO `topic` VALUES ('3', '1', '5', '6', '0', '95', '周鸿祎：我挑战大公司的四点心得', '周鸿祎：我挑战大公司的四点心得', null, '2013-05-09 09:32:34', '\0', '\0', '\0', '5');
INSERT INTO `topic` VALUES ('4', '1', '2', '3', '0', '87', '建议专用楼【欢迎提出建议和想法】', '建议专用楼【欢迎提出建议和想法】', null, '2013-05-09 15:05:11', '', '\0', '\0', '5');
INSERT INTO `topic` VALUES ('5', '4', '6', '6', '0', '81', '功能太简单，需要不断的升级和维护，你准备好了没？', '功能太简单，需要不断的升级和维护，你准备好了没？', null, '2013-05-10 02:45:57', '\0', '\0', '\0', '0');
INSERT INTO `topic` VALUES ('6', '6', '2', '1', '0', '31', '好赞呀', '好赞呀', null, '2013-05-10 03:02:36', '\0', '\0', '\0', '5');
INSERT INTO `topic` VALUES ('7', '7', '2', '3', '0', '200', '要去深圳出差了  有点激动   来发个帖子 纪念下', '要去深圳出差了  有点激动   来发个帖子 纪念下', null, '2013-05-10 03:18:54', '', '', '\0', '0');
INSERT INTO `topic` VALUES ('8', '8', '1', '3', '0', '106', '致我的diablo2战友兄弟', '致我的diablo2战友兄弟', null, '2013-05-10 03:42:35', '', '', '\0', '5');
INSERT INTO `topic` VALUES ('11', '1', '1', '3', '0', '67', '家家特么有本难念的经啊~', '家家特么有本难念的经啊~', null, '2013-05-10 11:38:38', '\0', '\0', '\0', '0');
INSERT INTO `topic` VALUES ('14', '1', '1', '2', '0', '137', '程序员和青蛙公主', '程序员和青蛙公主', null, '2013-05-11 14:18:04', '\0', '\0', '\0', '0');
INSERT INTO `topic` VALUES ('15', '1', '6', '1', '0', '43', '如果编程语言是女人', '如果编程语言是女人', null, '2013-05-11 14:44:56', '\0', '\0', '\0', '0');
INSERT INTO `topic` VALUES ('16', '1', '1', '1', '0', '87', '不懂技术的人不要对懂技术的人说这很容易实现', '不懂技术的人不要对懂技术的人说这很容易实现', null, '2013-05-11 14:50:24', '\0', '\0', '\0', '0');
INSERT INTO `topic` VALUES ('17', '1', '1', '1', '0', '45', '我想我又错过了一次突破的机会', '我想我又错过了一次突破的机会', null, '2013-05-12 12:59:18', '\0', '\0', '\0', '0');
INSERT INTO `topic` VALUES ('18', '1', '3', '1', '0', '30', '母亲节快乐', '母亲节快乐', null, '2013-05-12 14:12:10', '\0', '\0', '\0', '0');
INSERT INTO `topic` VALUES ('19', '1', '4', '1', '0', '36', '好机油，一辈子', '好机油，一辈子', null, '2013-05-12 14:22:28', '\0', '\0', '\0', '0');
INSERT INTO `topic` VALUES ('20', '1', '5', '1', '0', '44', '资本的合纵连横中百度正沦为二流互联网企业', '资本的合纵连横中百度正沦为二流互联网企业', null, '2013-05-12 15:55:39', '\0', '\0', '\0', '0');
INSERT INTO `topic` VALUES ('21', '1', '2', '9', '0', '68', '回到过去：8位成功创业者希望年轻的自己能领悟的道理', '回到过去：8位成功创业者希望年轻的自己能领悟的道理', null, '2013-05-12 15:58:05', '\0', '\0', '\0', '0');
INSERT INTO `topic` VALUES ('23', '1', '1', '4', '0', '102', '一位老爸是如何教他的小孩LuGuan的？', '一位老爸是如何教他的小孩LuGuan的？', null, '2013-05-13 04:43:25', '\0', '\0', '\0', '0');
INSERT INTO `topic` VALUES ('24', '1', '2', '1', '0', '51', '去跨国公司还是去创业公司？', '去跨国公司还是去创业公司？', null, '2013-05-14 11:42:43', '\0', '\0', '\0', '0');
INSERT INTO `topic` VALUES ('25', '1', '2', '1', '0', '60', 'Worse is better?', 'Worse is better?', null, '2013-05-14 11:49:07', '', '\0', '\0', '0');
INSERT INTO `topic` VALUES ('26', '1', '6', '3', '0', '43', '那些年我们一起中过的枪~', '那些年我们一起中过的枪~', null, '2013-05-14 14:49:22', '\0', '\0', '\0', '0');
INSERT INTO `topic` VALUES ('27', '1', '4', '1', '0', '50', '说真话有错吗？', '说真话有错吗？', null, '2013-05-15 04:39:43', '\0', '\0', '\0', '0');
INSERT INTO `topic` VALUES ('28', '1', '1', '9', '0', '131', '从1.5k到18k, 一个程序员的5年成长之路', '从1.5k到18k, 一个程序员的5年成长之路', null, '2013-05-16 09:04:04', '\0', '\0', '\0', '0');
INSERT INTO `topic` VALUES ('29', '1', '5', '1', '0', '15', '双寡头政治：2013 Q1苹果三星搜刮智能手机97.8%利润，诺基亚黑莓惨遭忽略', '双寡头政治：2013 Q1苹果三星搜刮智能手机97.8%利润，诺基亚黑莓惨遭忽略', null, '2013-05-17 06:24:27', '\0', '\0', '\0', '0');
INSERT INTO `topic` VALUES ('30', '1', '6', '4', '0', '30', '来几发笑话~', '来几发笑话~', null, '2013-05-17 13:13:23', '\0', '\0', '\0', '0');
INSERT INTO `topic` VALUES ('31', '1', '4', '1', '0', '42', '女神和女屌丝和高富帅和男屌丝的对话~', '女神和女屌丝和高富帅和男屌丝的对话~', null, '2013-05-19 04:17:44', '\0', '\0', '\0', '0');
INSERT INTO `topic` VALUES ('32', '1', '5', '2', '0', '45', '微信卖酒，月销5万 ——微信卖货实战案例分析', '微信卖酒，月销5万 ——微信卖货实战案例分析', null, '2013-05-19 04:22:59', '\0', '\0', '\0', '0');
INSERT INTO `topic` VALUES ('33', '1', '7', '1', '0', '49', '《国产凌凌漆》', '《国产凌凌漆》', null, '2013-05-19 08:10:44', '\0', '\0', '\0', '0');
INSERT INTO `topic` VALUES ('34', '1', '7', '1', '0', '71', '恐怖喜剧——《回魂夜》', '恐怖喜剧——《回魂夜》', null, '2013-05-19 08:19:44', '\0', '\0', '\0', '0');
INSERT INTO `topic` VALUES ('36', '1', '1', '11', '0', '86', '中国非正常死亡最高的行业TOP10   请珍惜生命！', '中国非正常死亡最高的行业TOP10   请珍惜生命！', null, '2013-05-22 04:13:44', '\0', '\0', '\0', '0');
INSERT INTO `topic` VALUES ('37', '1', '1', '1', '0', '104', '商业案例，就在你我身边【值得大家深思】', '商业案例，就在你我身边【值得大家深思】', null, '2013-05-22 07:20:51', '\0', '\0', '\0', '0');
INSERT INTO `topic` VALUES ('41', '1', '1', '1', '0', '64', '久违了，少年们！聊聊最近的感受~', '久违了，少年们！聊聊最近的感受~', null, '2013-05-30 13:10:03', '\0', '\0', '\0', '0');
INSERT INTO `topic` VALUES ('42', '1', '5', '1', '0', '60', '当你学不进去的时候，试试“普瑞马法则”', '当你学不进去的时候，试试“普瑞马法则”', null, '2013-06-03 13:39:03', '\0', '\0', '\0', '0');
INSERT INTO `topic` VALUES ('45', '1', '1', '2', '0', '53', '考生们，程序员哥哥（姐姐）有话对你说', '考生们，程序员哥哥（姐姐）有话对你说', null, '2013-06-08 14:29:49', '\0', '', '\0', '0');
INSERT INTO `topic` VALUES ('47', '1', '5', '1', '0', '150', '周志明：谈一谈18岁的Java', '周志明：谈一谈18岁的Java', null, '2013-06-08 14:56:27', '\0', '', '\0', '0');
INSERT INTO `topic` VALUES ('48', '1', '1', '1', '0', '76', '我就想问问，你们每天坐着屁股受得了吗？反正我快受不了了', '我就想问问，你们每天坐着屁股受得了吗？反正我快受不了了', null, '2013-06-09 13:45:25', '\0', '', '\0', '0');
INSERT INTO `topic` VALUES ('49', '1', '2', '7', '0', '324', '如何部署该BBS，以及该BBS相关的帮助 ： ）', '如何部署该BBS，以及该BBS相关的帮助 ： ）', null, '2013-06-14 10:19:06', '', '\0', '\0', '20');
INSERT INTO `topic` VALUES ('53', '1', '5', '1', '0', '49', '从百度绿萝打击垃圾外链看独立博客未来互动', '从百度绿萝打击垃圾外链看独立博客未来互动', null, '2013-07-05 21:53:45', '\0', '', '\0', '0');
INSERT INTO `topic` VALUES ('54', '1', '4', '4', '0', '50', '刘志军式死缓给贪官们的启示录', '刘志军式死缓给贪官们的启示录', null, '2013-07-10 20:16:30', '\0', '', '\0', '0');
INSERT INTO `topic` VALUES ('55', '1', '7', '9', '0', '300', '致那些终将老去的动作 - - 李连杰、甄子丹动作集锦', '致那些终将老去的动作 - - 李连杰、甄子丹动作集锦', null, '2013-07-11 20:43:54', '\0', '\0', '\0', '0');
INSERT INTO `topic` VALUES ('56', '95', '1', '4', '0', '27', '111', '111', null, '2016-10-27 10:32:52', '\0', '\0', '\0', '0');
INSERT INTO `topic` VALUES ('57', '1', '1', '10', '0', '14', '6666', '7777', null, '2016-10-28 10:18:11', '\0', '\0', '\0', '5');
INSERT INTO `topic` VALUES ('58', '1', '1', '2', '0', '16', '34333', '6666哈哈哈哈哈哈', null, '2016-10-28 10:21:02', '\0', '\0', '\0', '5');
INSERT INTO `topic` VALUES ('59', '1', '1', '2', '0', '15', '66', '66777', null, '2016-10-28 14:41:50', '\0', '\0', '\0', '5');
INSERT INTO `topic` VALUES ('60', '95', '1', '0', '0', '1', '555', '5555', null, '2016-11-05 14:16:58', '\0', '\0', '\0', '5');

-- ----------------------------
-- Table structure for user
-- ----------------------------
DROP TABLE IF EXISTS `user`;
CREATE TABLE `user` (
  `id` int(11) NOT NULL AUTO_INCREMENT,
  `username` varchar(20) NOT NULL,
  `password` varchar(40) NOT NULL,
  `sex` bit(1) NOT NULL DEFAULT b'1',
  `email` varchar(30) DEFAULT NULL,
  `headImg` varchar(120) DEFAULT 'http://static.tieba.baidu.com/tb/editor/images/ali/ali_008.gif',
  `blogUrl` varchar(80) DEFAULT NULL,
  `feeling` varchar(300) DEFAULT NULL,
  `registDate` date DEFAULT NULL,
  `point` int(11) NOT NULL DEFAULT '0',
  `rank` varchar(30) DEFAULT NULL,
  `tag` varchar(30) DEFAULT NULL,
  PRIMARY KEY (`id`)
) ENGINE=InnoDB AUTO_INCREMENT=98 DEFAULT CHARSET=utf8;

-- ----------------------------
-- Records of user
-- ----------------------------
INSERT INTO `user` VALUES ('1', '紫电清霜', '4297f44b13955235245b2497399d7a93', '', 'iveryang@sina.cn', 'http://static.tieba.baidu.com/tb/editor/images/tsj/t_0002.gif', 'http://iver.cloudfoundry.com', '天下风云出我辈， 一入江湖岁月催； 皇图霸业谈笑中， 不胜人生一场醉； 提剑跨骑挥鬼雨， 白骨如山鸟惊飞； 尘事如潮人如水， 只叹江湖几人回。', '2013-05-09', '33902', 'VIP1', '状元');
INSERT INTO `user` VALUES ('3', 'xx', 'e10adc3949ba59abbe56e057f20f883e', '', '502713994@qq.com', 'http://static.tieba.baidu.com/tb/editor/images/ali/ali_008.gif', null, null, '2013-05-10', '0', null, null);
INSERT INTO `user` VALUES ('4', '老北', 'eee85e1ec1ad81aa3d39353dc7d13f52', '', 'yswj81@163.com', 'http://static.tieba.baidu.com/tb/editor/images/ali/ali_008.gif', null, null, '2013-05-10', '0', null, null);
INSERT INTO `user` VALUES ('5', 'bob', 'cf8e54a307ca7105d2562107f28a4559', '', 'yzqb@qq.com', 'http://static.tieba.baidu.com/tb/editor/images/ali/ali_008.gif', 'www.eytest.com', '想得到 做得到', '2013-05-10', '0', null, null);
INSERT INTO `user` VALUES ('6', '佩恩', '4cc79d0f881308a24f291d6f4e750830', '', 'sqhua@163.com', 'http://static.tieba.baidu.com/tb/editor/images/ali/ali_008.gif', null, null, '2013-05-10', '0', null, null);
INSERT INTO `user` VALUES ('7', 'Mike_Liu', 'be9dbde87909c957ab8ba9709415ee92', '', '871005789@qq.com', 'http://mikeliu.cloudfoundry.com/img/s/me_mini.jpg', 'http://mikeliu.cloudfoundry.com/', null, '2013-05-10', '0', null, null);
INSERT INTO `user` VALUES ('8', '十二', '3fde6bb0541387e4ebdadf7c2ff31123', '', '785042976@qq.com', 'http://www.gravatar.com/avatar/f9d61d8de55171c2046fd587764a3386?d=mm', null, null, '2013-05-10', '0', null, null);
INSERT INTO `user` VALUES ('9', 'mai', 'e10adc3949ba59abbe56e057f20f883e', '', '183591360@qq.com', 'http://static.tieba.baidu.com/tb/editor/images/ali/ali_008.gif', null, '赱', '2013-05-10', '0', null, null);
INSERT INTO `user` VALUES ('10', 'JFinal', '446818b28bc03176a3991c2be86ea327', '', 'jfinal@126.com', 'http://static.oschina.net/uploads/user/100/201137_100.jpg', null, null, '2013-05-10', '0', null, null);
INSERT INTO `user` VALUES ('95', '123123', '4297f44b13955235245b2497399d7a93', '', '123123@qq.com', 'http://static.tieba.baidu.com/tb/editor/images/ali/ali_008.gif', null, null, '2016-10-26', '0', null, null);
INSERT INTO `user` VALUES ('96', '111122', '4297f44b13955235245b2497399d7a93', '', '4444@qq.com', 'http://static.tieba.baidu.com/tb/editor/images/ali/ali_008.gif', null, null, '2016-10-26', '0', null, null);
INSERT INTO `user` VALUES ('97', '夏，朵儿', '4297f44b13955235245b2497399d7a93', '', null, 'http://qzapp.qlogo.cn/qzapp/100413274/60020C76D261E780795037611877E328/100', null, null, '2016-11-03', '0', 'VIP1', '小白');
